packet_size,interarrival_ms,src_port,dst_port,service_port,label
1278,1.943,31263,21,21,file
301,4.183,44550,10000,10000,voip
1282,5.62,5163,990,990,file
467,250.714,25695,443,443,web
60,43.796,57866,10000,10000,voip
1090,199.683,64851,443,443,web
1275,54.982,11390,8554,8554,video
1197,7.225,47692,8081,8081,file
719,56.896,45199,5005,5005,video
1160,3.979,45185,989,989,file
192,25.79,34926,5060,5060,voip
543,613.31,63523,443,443,web
189,58.763,40105,8080,8080,web
588,455.192,29494,8080,8080,web
1132,230.204,21198,8080,8080,web
1500,50.266,36198,5005,5005,video
811,292.276,1637,8080,1637,web
1198,3.705,13997,20,20,file
136,13.16,19910,5061,5061,voip
1174,2.605,24131,8080,8080,file
191,12.113,28553,8080,8080,voip
1500,6.625,18214,20,20,file
131,18.678,44396,10002,10002,voip
1338,6.984,18767,8081,8081,file
1074,49.218,21538,8554,8554,video
144,34.698,19435,8443,8443,voip
1129,47.602,52669,8080,8080,video
597,126.747,53929,8080,8080,web
1448,82.123,16040,5004,5004,video
1357,7.896,33930,8081,8081,file
1413,2.984,8857,20,20,file
1365,0.994,59861,443,443,file
1420,3.735,54582,443,443,file
1123,22.078,10605,8080,8080,video
162,33.095,2581,5061,2581,voip
1131,23.42,62018,5004,5004,video
1004,5.405,52733,8080,8080,file
788,242.563,38938,8080,8080,web
580,102.102,57690,8080,8080,web
666,53.99,56085,443,443,web
1500,1.819,4984,8081,4984,file
1022,36.345,37606,1935,1935,video
157,9.936,40278,443,443,voip
1091,20.104,40291,8080,8080,video
267,26.101,34536,5060,5060,voip
341,22.169,16370,8443,8443,voip
1463,4.69,44039,989,989,file
959,7.418,11730,989,989,file
163,8.611,16289,8443,8443,voip
113,18.16,44567,10001,10001,voip
747,219.94,27671,8443,8443,web
1294,82.392,58192,5005,5005,video
1049,6.281,22468,8080,8080,file
169,17.366,48240,8443,8443,voip
218,25.101,30979,5060,5060,voip
1167,3.965,56640,21,21,file
269,345.151,38391,80,80,web
220,310.241,11403,8080,8080,web
1051,81.068,64931,443,443,web
1164,2.484,49765,990,990,file
120,24.949,8642,10001,8642,voip
1500,86.694,38577,5005,5005,video
1173,5.577,14184,20,20,file
1500,5.315,28986,990,990,file
212,17.02,23397,5060,5060,voip
99,406.603,35554,8080,8080,web
536,1000.0,33469,8443,8443,web
1442,9.763,35093,989,989,file
1341,4.288,44685,990,990,file
132,16.101,38916,8443,8443,voip
523,398.305,35064,80,80,web
155,38.114,38997,10000,10000,voip
1500,1.177,3278,8080,3278,file
1500,106.874,49566,8554,8554,video
392,83.548,8107,443,443,web
1500,3.163,42906,8443,8443,file
1183,32.112,7550,8080,7550,video
1324,39.38,45712,5004,5004,video
227,15.209,35336,10000,10000,voip
1084,28.436,18105,1935,1935,video
149,10.977,55041,10001,10001,voip
200,20.651,45956,8080,8080,voip
843,16.232,11891,5005,5005,video
159,18.912,51518,10002,10002,voip
966,47.317,11246,5004,5004,video
1500,9.149,19190,989,989,file
568,718.294,56330,80,80,web
1051,24.17,7074,8080,7074,video
200,37.122,27852,10001,10001,voip
192,22.135,34552,10000,10000,voip
202,13.799,19071,8080,8080,voip
1341,62.479,61507,8080,8080,video
121,9.543,45617,8080,8080,voip
1184,39.357,10483,5004,5004,video
1254,5.387,20658,8080,8080,file
1293,11.534,10872,8081,8081,file
238,34.622,12030,5060,5060,voip
1345,67.446,56260,5004,5004,video
551,52.082,51914,8080,8080,web
432,478.868,14770,8080,8080,web
1475,11.959,39950,443,443,file
1417,23.12,44596,8554,8554,video
1500,1.157,44738,990,990,file
164,14.982,31395,10002,10002,voip
1124,0.88,32545,8080,8080,file
516,45.033,30888,5061,5061,voip
356,439.4,57053,8443,8443,web
1448,82.015,25829,8554,8554,video
221,25.268,53913,443,443,voip
181,10.574,49923,8443,8443,voip
1156,4.899,27315,8081,8081,file
264,23.624,25405,10000,10000,voip
1500,3.559,54008,8443,8443,file
223,21.015,52313,10002,10002,voip
228,11.327,44624,10002,10002,voip
1403,17.09,21316,5004,5004,video
1428,5.935,57194,20,20,file
1264,26.619,24901,1935,1935,video
1423,2.011,40325,990,990,file
733,113.673,63326,443,443,web
242,22.701,45667,443,443,voip
1019,419.941,21428,8443,8443,web
162,33.19,19294,10001,10001,voip
1132,52.857,2444,5005,2444,video
211,11.715,60824,443,443,voip
1251,3.704,39771,20,20,file
162,35.198,51184,10001,10001,voip
220,11.636,19359,10002,10002,voip
144,28.154,49591,8443,8443,voip
1456,8.542,3758,20,20,file
171,23.933,62965,5060,5060,voip
1139,48.656,24838,8443,8443,video
1082,1.573,47155,8443,8443,file
198,30.993,11574,443,443,voip
797,36.831,6929,443,443,video
1174,5.054,19639,443,443,file
530,394.333,39808,8080,8080,web
1221,1.96,11346,8081,8081,file
105,13.641,21503,5060,5060,voip
1168,10.855,49218,8443,8443,video
735,319.169,35943,8080,8080,web
1500,4.679,9311,8443,8443,file
1193,15.716,5894,8080,5894,file
355,457.837,61254,80,80,web
1131,35.374,35255,1935,1935,video
1500,7.317,19959,21,21,file
1423,6.865,31635,8443,8443,file
1066,578.879,31358,443,443,web
1126,67.165,30232,1935,1935,video
1233,0.544,33582,8443,8443,file
1258,1.97,1346,8080,1346,file
1274,143.196,45320,5004,5004,video
1115,11.193,35179,21,21,file
1500,170.167,31061,1935,1935,video
1500,1.576,64441,20,20,file
1230,20.499,64702,8080,8080,video
200,22.049,22523,10001,10001,voip
1338,31.647,30235,1935,1935,video
936,35.418,46275,1935,1935,video
1239,45.399,42272,8080,8080,video
179,20.976,60754,8080,8080,voip
488,54.177,59332,443,443,web
991,17.129,39498,5005,5005,video
343,7.899,51242,5061,5061,voip
754,17.539,24475,8554,8554,video
1187,2.126,19113,443,443,file
193,75.324,41516,5060,5060,voip
1287,19.224,6428,1935,1935,video
127,18.187,31221,8443,8443,voip
977,39.826,19181,8554,8554,video
1161,34.559,4617,8443,4617,video
1214,43.643,45328,5004,5004,video
322,228.944,32768,443,443,web
1500,4.64,41072,21,21,file
158,16.802,1425,8443,1425,voip
1127,30.372,26668,5004,5004,video
166,15.17,56102,443,443,voip
237,7.566,63244,443,443,voip
1500,19.472,39975,1935,1935,video
154,20.206,19514,443,443,voip
1315,6.609,38524,443,443,file
1412,41.862,56069,5005,5005,video
1030,43.802,60929,8080,8080,video
126,17.876,18604,8080,8080,voip
791,196.209,1868,80,80,web
1125,38.8,25200,8080,8080,video
174,14.088,39621,8443,8443,voip
157,29.165,26030,8443,8443,voip
1091,4.251,49642,8081,8081,file
224,11.846,30333,10001,10001,voip
1085,16.348,10127,5004,5004,video
1439,4.941,3690,21,21,file
1430,13.591,39849,20,20,file
1069,258.856,23205,8443,8443,web
60,67.187,41733,5061,5061,voip
1182,6.248,41644,20,20,file
1049,49.88,4326,443,443,video
114,12.799,27179,10002,10002,voip
1121,51.789,14466,443,443,video
1500,5.682,21709,989,989,file
1500,17.068,2013,5005,2013,video
407,110.87,59552,10000,10000,voip
181,450.724,32306,443,443,web
1403,20.702,15576,8080,8080,video
988,20.017,28272,8554,8554,video
1404,45.137,19604,8554,8554,video
1500,3.04,18230,21,21,file
1169,7.771,6047,443,443,file
306,423.581,27391,80,80,web
1500,34.946,22348,8443,8443,video
203,13.115,16785,5060,5060,voip
1199,27.595,23714,8443,8443,video
1373,5.876,59829,21,21,file
1500,5.219,7395,20,20,file
969,270.845,6319,443,443,web
1240,30.093,18596,8080,8080,video
1435,30.944,24255,443,443,video
1423,1.086,46877,8081,8081,file
421,414.004,58371,8080,8080,web
1047,201.088,45399,8080,8080,web
1421,22.507,2422,1935,1935,video
187,13.772,25541,8443,8443,voip
1191,72.813,50185,8554,8554,video
1266,42.102,2269,1935,1935,video
168,10.148,48397,5061,5061,voip
149,21.69,53379,10000,10000,voip
1444,56.106,59666,8080,8080,video
522,161.404,49000,443,443,web
731,242.414,17053,8443,8443,web
182,7.504,30714,443,443,voip
694,442.486,19134,443,443,web
986,15.259,61270,8080,8080,video
1228,6.955,39570,5004,5004,video
183,21.888,23477,8443,8443,voip
926,66.101,42468,80,80,web
1289,15.817,10790,8443,8443,file
1500,2.587,49564,443,443,file
1254,26.16,24940,5004,5004,video
824,47.635,50116,1935,1935,video
1268,27.992,43858,8080,8080,video
797,421.722,43672,443,443,web
905,335.144,23405,8080,8080,web
1500,3.025,46007,8081,8081,file
1101,6.732,11150,443,443,file
953,396.507,12770,8080,8080,web
649,133.752,5778,8080,5778,web
1341,36.023,9772,8443,8443,video
1268,10.476,7108,8443,7108,file
960,108.127,22840,8080,8080,web
163,20.04,12169,5061,5061,voip
148,17.418,61510,8443,8443,voip
1270,5.045,3838,20,20,file
515,30.392,15136,8443,8443,web
1122,36.134,54192,5004,5004,video
1463,42.771,6354,8443,6354,video
848,32.32,44517,1935,1935,video
176,203.484,64554,443,443,web
1172,17.038,33216,443,443,video
1184,2.055,52277,990,990,file
218,21.828,36739,10002,10002,voip
519,170.675,45424,8443,8443,web
899,569.713,31827,8443,8443,web
940,35.838,47721,8554,8554,video
1051,615.135,61086,8080,8080,web
444,44.576,7018,10000,7018,voip
563,28.96,33507,443,443,video
189,27.646,51640,10001,10001,voip
1194,22.812,7937,990,990,file
1500,4.209,34826,20,20,file
1070,48.493,6019,8443,6019,video
1178,31.598,20010,8080,8080,video
167,11.856,36104,10001,10001,voip
462,253.225,2672,8080,2672,web
288,43.426,28615,8080,8080,voip
1163,2.09,36357,20,20,file
1470,3.325,48637,21,21,file
1147,4.989,58390,8443,8443,file
934,318.027,6849,443,443,web
935,27.601,24641,443,443,video
638,311.905,35936,8080,8080,web
1348,42.495,52719,443,443,video
140,17.632,9222,10000,9222,voip
1041,40.33,42284,5004,5004,video
1082,53.71,36606,5004,5004,video
1456,2.037,34612,8080,8080,file
1500,2.045,56251,8080,8080,file
151,25.309,5703,8080,5703,voip
144,7.76,30158,10000,10000,voip
1052,3.211,36094,990,990,file
202,19.442,39038,5060,5060,voip
649,176.902,25208,443,443,web
1351,1.116,42719,20,20,file
1248,2.68,5484,20,20,file
183,32.12,48177,443,443,voip
790,533.707,35515,443,443,web
1105,47.283,39682,8443,8443,video
60,21.312,8225,5060,5060,voip
1201,2.124,37823,8081,8081,file
1167,30.989,17434,8443,8443,video
1500,5.352,4303,989,989,file
534,615.314,23164,8443,8443,web
1500,9.158,6297,20,20,file
1288,32.975,45814,5004,5004,video
181,12.238,37912,10000,10000,voip
1500,7.208,20896,443,443,file
1386,31.257,56024,8080,8080,video
1421,1.473,36315,20,20,file
184,8.191,21034,10001,10001,voip
1386,4.654,30823,20,20,file
1258,5.29,16551,443,443,file
568,742.368,57202,8443,8443,web
407,106.893,33849,8443,8443,web
1082,21.95,35682,5005,5005,video
1061,30.914,32787,5005,5005,video
1142,138.078,10622,8080,8080,web
593,41.969,20208,443,443,web
208,24.843,2646,5061,2646,voip
1079,49.115,29008,5004,5004,video
723,133.493,44097,80,80,web
1269,1.346,10030,989,989,file
1300,3.436,42719,21,21,file
840,52.144,3643,1935,1935,video
997,472.046,42844,80,80,web
1038,20.989,25426,5005,5005,video
190,15.811,49675,10001,10001,voip
1385,129.126,20550,8554,8554,video
381,146.825,8873,443,443,web
180,319.55,35297,8080,8080,web
150,12.984,37449,5060,5060,voip
1176,357.058,42923,8080,8080,web
1498,8.394,36938,443,443,file
118,99.595,56577,5060,5060,voip
1482,4.251,34039,990,990,file
1152,9.26,16157,990,990,file
1273,3.221,20752,8081,8081,file
1120,21.923,29658,1935,1935,video
71,30.079,23014,8443,8443,voip
1177,28.221,29373,8080,8080,video
1283,52.794,16176,443,443,video
60,27.564,37903,10000,10000,voip
261,43.559,38053,10001,10001,voip
220,14.196,62047,5060,5060,voip
60,207.108,45142,443,443,web
937,39.091,5240,1935,1935,video
60,46.272,4339,8443,4339,voip
1376,5.886,62192,989,989,file
329,148.885,59733,8080,8080,web
1287,14.518,56516,443,443,video
897,44.876,3391,8554,3391,video
1180,5.317,47844,20,20,file
529,180.836,18548,8080,8080,web
163,19.463,63984,10000,10000,voip
1184,41.892,2123,5004,2123,video
213,18.314,28809,10002,10002,voip
974,73.858,31179,443,443,web
1402,7.948,51156,989,989,file
1093,71.56,43528,5005,5005,video
931,21.341,53806,1935,1935,video
799,101.47,63909,8080,8080,web
922,277.222,37324,443,443,web
1500,3.854,37255,21,21,file
1383,20.13,50995,5004,5004,video
122,38.072,52278,10001,10001,voip
342,109.563,45642,443,443,web
143,15.274,18513,10000,10000,voip
229,15.462,24418,5060,5060,voip
1190,46.809,48750,1935,1935,video
872,282.376,45114,8080,8080,web
980,46.673,28347,5005,5005,video
1452,21.52,42547,8443,8443,video
60,5.488,63735,10002,10002,voip
106,30.901,3661,10000,3661,voip
733,311.296,18964,8443,8443,web
971,459.49,12877,8443,8443,web
1213,6.839,5618,20,20,file
148,23.831,62768,8443,8443,voip
552,849.618,18279,443,443,web
135,9.245,55847,10001,10001,voip
181,5.748,3893,10002,3893,voip
335,60.055,15414,10000,10000,voip
230,10.548,24071,5060,5060,voip
1494,1.458,12075,443,443,file
675,330.729,5885,8443,5885,web
168,19.024,55979,5061,5061,voip
448,148.64,48638,80,80,web
892,570.165,19560,443,443,web
523,251.704,53771,443,443,web
307,190.182,63988,8080,8080,web
580,78.972,45169,80,80,web
1239,5.699,38997,8080,8080,file
848,464.093,23805,8443,8443,web
1500,35.462,59637,5004,5004,video
523,247.063,25457,443,443,web
1104,23.563,11159,8554,8554,video
1416,1.408,5966,443,443,file
258,12.619,20555,8080,8080,voip
887,89.745,61979,5005,5005,video
1140,14.52,54372,8443,8443,video
1409,6.135,11312,990,990,file
935,95.085,39778,8443,8443,web
97,17.258,42070,5060,5060,voip
525,148.754,14533,8443,8443,web
1428,11.396,31429,20,20,file
346,229.122,9147,8443,8443,web
1039,45.567,43782,1935,1935,video
1079,246.323,17736,8080,8080,web
394,322.765,54965,80,80,web
891,181.083,59898,443,443,web
179,15.574,2389,8443,2389,voip
707,255.678,49269,80,80,web
168,13.122,16631,5061,5061,voip
205,8.373,35937,10002,10002,voip
226,19.116,2933,10000,2933,voip
203,18.204,35245,10000,10000,voip
1388,36.821,1776,5005,1776,video
1412,1.688,21433,8443,8443,file
175,19.634,64352,10000,10000,voip
1262,4.818,23418,8443,8443,file
1070,39.5,42950,5004,5004,video
169,6.656,39643,5060,5060,voip
1225,388.648,62943,80,80,web
1207,422.056,18593,80,80,web
117,16.674,55964,5060,5060,voip
1408,9.025,50059,443,443,file
1010,250.085,40142,8080,8080,web
1047,34.001,7855,8554,7855,video
1221,37.066,17044,5005,5005,video
139,25.881,6789,8080,6789,voip
943,49.567,43393,80,80,web
123,9.258,35788,10002,10002,voip
1248,175.482,9551,5004,5004,video
1173,37.429,55384,8443,8443,video
1099,58.396,60834,5004,5004,video
1500,18.697,3068,8080,3068,file
1182,25.289,16540,5004,5004,video
155,20.808,2715,10002,2715,voip
1382,30.489,53572,8554,8554,video
113,10.031,59981,10002,10002,voip
597,202.32,29221,8443,8443,web
1278,36.275,40870,8080,8080,video
188,14.028,59379,10000,10000,voip
1194,133.775,42718,443,443,video
1370,312.015,18510,8443,8443,web
107,28.065,36274,5060,5060,voip
974,230.397,15974,8080,8080,web
974,303.687,55261,8443,8443,web
243,13.819,14915,5060,5060,voip
1459,6.425,9223,20,20,file
182,10.078,35519,8080,8080,voip
185,36.094,37739,5060,5060,voip
1266,2.342,5045,8081,5045,file
298,639.926,60519,8080,8080,web
1040,29.582,13700,443,443,video
1170,5.886,10258,8081,8081,file
482,104.954,52786,443,443,web
60,4.688,6645,10002,6645,voip
1306,3.417,3961,8443,3961,file
652,75.801,27237,8443,8443,web
950,280.309,11173,443,443,web
1114,46.154,5301,8443,5301,video
933,14.467,25622,8080,8080,video
1488,39.558,13948,5005,5005,video
1242,56.744,3169,5004,3169,video
1300,7.306,23975,20,20,file
194,36.54,12040,10000,10000,voip
825,25.194,29377,5004,5004,video
197,19.714,47752,5060,5060,voip
252,36.394,13876,5061,5061,voip
823,227.051,10249,80,80,web
288,119.053,11721,443,443,web
1367,64.193,17103,443,443,video
1500,3.274,10484,989,989,file
1444,32.156,38086,5005,5005,video
1407,15.386,33987,8443,8443,video
1150,11.355,23191,21,21,file
703,59.014,8637,8554,8554,video
148,11.435,6058,10000,6058,voip
826,6.09,39013,21,21,file
177,11.375,50116,5060,5060,voip
394,319.971,41355,443,443,web
129,44.152,58538,10001,10001,voip
152,14.755,7176,443,443,voip
300,701.116,37631,80,80,web
422,152.031,2206,8080,2206,web
1386,1.579,52647,990,990,file
201,292.196,38992,8443,8443,web
121,18.002,9497,10001,9497,voip
296,476.905,63247,443,443,web
207,20.251,40486,5060,5060,voip
1355,3.257,48298,443,443,file
297,325.821,39855,8080,8080,web
1500,2.689,25645,443,443,file
131,15.841,20207,10000,10000,voip
1253,21.309,58713,443,443,video
1487,3.874,48200,8080,8080,file
451,761.31,33021,8080,8080,web
1199,1.54,9255,990,990,file
1191,18.748,51185,5005,5005,video
951,55.989,56027,80,80,web
313,455.28,37260,8443,8443,web
250,12.589,20686,10002,10002,voip
1233,26.955,25612,8554,8554,video
1301,3.961,32706,20,20,file
208,120.011,47869,8080,8080,web
144,23.394,42088,5060,5060,voip
923,337.978,56061,80,80,web
141,9.559,35539,443,443,voip
1242,1.562,43531,990,990,file
784,17.183,1856,5005,1856,video
1208,10.821,41556,8081,8081,file
148,15.981,15044,5060,5060,voip
1406,1.684,30464,443,443,file
1500,1.253,34135,443,443,file
198,8.111,20643,8443,8443,voip
418,41.677,19793,10001,10001,voip
688,178.849,45740,80,80,web
181,8.337,51676,5060,5060,voip
1147,7.492,45610,8080,8080,file
633,169.793,2681,8080,2681,web
1346,4.031,24267,8080,8080,file
211,168.249,29671,8443,8443,web
1023,1.305,3481,443,443,file
442,158.765,63244,80,80,web
1046,35.859,19256,1935,1935,video
234,30.443,7903,8443,7903,voip
993,153.249,58660,8443,8443,web
160,11.301,50871,10002,10002,voip
226,10.109,8844,443,443,voip
240,122.263,2661,8080,2661,web
1500,2.907,10496,8081,8081,file
119,10.08,41021,5060,5060,voip
219,12.21,50054,10001,10001,voip
197,18.269,23559,8080,8080,voip
112,42.203,17618,5060,5060,voip
1500,8.326,39620,20,20,file
143,33.976,34244,8080,8080,voip
923,7.509,63443,443,443,file
175,28.188,28298,10001,10001,voip
553,405.58,11391,8443,8443,web
1376,13.081,47353,8080,8080,video
462,274.708,50417,80,80,web
1437,42.468,16961,443,443,video
1445,7.562,25892,21,21,file
158,18.987,53340,10002,10002,voip
1275,1.69,17644,8080,8080,file
1156,6.372,56743,443,443,file
886,313.386,42261,8080,8080,web
1314,33.316,30028,5005,5005,video
136,11.542,63705,10000,10000,voip
876,486.953,52951,8080,8080,web
1355,3.361,51669,20,20,file
1383,47.924,64871,8080,8080,video
1049,122.17,30915,80,80,web
194,9.325,18401,5060,5060,voip
1075,22.013,45260,8554,8554,video
218,11.244,38644,8443,8443,voip
143,25.897,60425,5060,5060,voip
221,455.027,12763,8080,8080,web
1284,12.54,19394,8080,8080,file
1466,5.835,20963,8081,8081,file
950,191.904,43798,80,80,web
318,218.561,53714,8443,8443,web
982,120.623,39020,80,80,web
680,286.178,36809,443,443,web
447,97.304,38621,443,443,web
1349,2.124,54468,21,21,file
911,165.591,26656,8080,8080,web
1044,11.449,51069,990,990,file
233,16.58,39083,5061,5061,voip
60,20.475,2019,5061,2019,voip
223,16.071,64316,443,443,voip
240,19.257,20080,10000,10000,voip
108,7.82,47660,5060,5060,voip
983,182.128,44951,8080,8080,web
813,400.597,17799,8443,8443,web
1360,4.094,12974,21,21,file
160,20.312,45474,10000,10000,voip
224,33.261,22623,8443,8443,voip
1205,36.362,4360,443,443,video
1478,7.005,2604,990,990,file
572,200.438,19864,80,80,web
1351,46.958,7331,8554,7331,video
146,27.119,63504,5060,5060,voip
1310,12.083,60486,990,990,file
153,13.223,55238,10000,10000,voip
1352,1.276,64331,20,20,file
163,16.531,12215,8443,8443,voip
1153,8.386,54977,20,20,file
157,12.924,64758,10000,10000,voip
77,39.378,32983,10000,10000,voip
1500,1.143,43529,8080,8080,file
177,172.921,54525,8443,8443,web
1300,3.123,36199,990,990,file
1056,20.701,42376,8554,8554,video
198,25.707,12040,5060,5060,voip
1076,11.674,8870,1935,1935,video
289,210.598,33087,8080,8080,web
1067,48.103,53182,5005,5005,video
932,106.397,55456,8080,8080,web
118,19.926,11169,10000,10000,voip
1500,36.752,43171,1935,1935,video
1500,7.343,47221,21,21,file
959,489.17,7784,80,80,web
1500,5.085,14454,20,20,file
175,17.482,7228,5060,5060,voip
1500,5.548,30033,21,21,file
935,4.57,56295,990,990,file
1374,12.718,29500,443,443,file
1447,2.621,35896,20,20,file
174,24.586,53561,443,443,voip
1129,31.581,40102,8080,8080,video
172,10.441,10319,5060,5060,voip
1382,19.626,52062,1935,1935,video
1204,4.822,36525,21,21,file
1059,44.873,19926,443,443,video
1167,1.293,19420,8081,8081,file
1010,17.999,2015,8554,2015,video
1221,19.716,1201,5004,1201,video
717,467.791,19062,8443,8443,web
1293,175.023,48022,8443,8443,web
183,17.185,10605,10001,10001,voip
193,24.046,21388,8080,8080,voip
180,11.598,15662,8443,8443,voip
1472,8.388,39958,990,990,file
1242,97.717,15410,443,443,video
414,328.531,10847,80,80,web
187,37.942,21897,8443,8443,voip
1391,3.025,53879,990,990,file
697,163.262,17187,80,80,web
226,466.697,61046,80,80,web
1500,6.12,62014,8443,8443,file
1382,2.285,57612,21,21,file
761,27.6,12026,443,443,video
1316,4.907,37749,8080,8080,file
1311,2.616,14740,990,990,file
243,27.27,4741,10002,4741,voip
113,19.743,23721,8080,8080,voip
941,582.33,50890,8443,8443,web
96,24.06,48414,8443,8443,voip
934,62.869,7021,443,443,web
1094,43.091,63649,8080,8080,video
1084,63.147,35713,8080,8080,video
998,19.442,19527,5004,5004,video
901,112.71,50092,80,80,web
1369,4.076,51570,8080,8080,file
1500,6.687,40546,8081,8081,file
150,23.108,8937,5061,5061,voip
161,19.769,47248,10001,10001,voip
1461,25.765,27018,443,443,web
175,20.656,54144,10000,10000,voip
933,419.711,1339,8443,1339,web
1500,2.047,28212,8081,8081,file
229,13.362,30543,5060,5060,voip
221,13.955,34610,10001,10001,voip
921,24.648,46693,1935,1935,video
261,15.131,54138,10000,10000,voip
1304,24.032,36574,443,443,file
629,236.761,50227,8080,8080,web
1127,639.08,53672,8080,8080,web
1085,27.545,29812,5005,5005,video
170,30.574,20280,10000,10000,voip
142,9.648,40902,443,443,voip
247,11.529,46484,10001,10001,voip
138,15.619,45393,5061,5061,voip
1500,4.325,51199,989,989,file
576,235.384,53522,443,443,web
1232,9.078,9632,8081,8081,file
969,183.632,32479,443,443,web
248,9.473,13223,10001,10001,voip
1429,4.842,50147,8080,8080,file
287,14.454,61815,10001,10001,voip
652,284.703,44929,80,80,web
1090,17.506,43917,5005,5005,video
983,24.144,64563,443,443,video
208,15.568,41901,10002,10002,voip
1500,5.313,52248,990,990,file
1324,6.305,37554,21,21,file
1347,5.817,24084,20,20,file
110,20.562,29095,5061,5061,voip
806,64.758,46323,80,80,web
526,631.118,8336,443,443,web
1264,27.768,6781,1935,1935,video
173,27.857,22614,5061,5061,voip
426,41.441,63428,8080,8080,web
1241,11.113,41705,20,20,file
884,258.478,26763,8443,8443,web
234,288.475,5176,8443,5176,web
1156,60.38,28832,80,80,web
238,23.363,43823,5060,5060,voip
205,19.968,22005,8443,8443,voip
91,3.198,35110,10002,10002,voip
487,465.058,63906,8443,8443,web
193,15.967,20237,10000,10000,voip
155,16.952,50989,10002,10002,voip
571,44.087,15373,443,443,web
1272,5.807,58820,990,990,file
1411,5.413,49033,20,20,file
1500,42.398,3465,8443,3465,video
193,39.911,60925,5061,5061,voip
1016,34.326,35733,5004,5004,video
813,76.341,42710,8443,8443,web
984,24.209,11021,1935,1935,video
789,496.06,13737,8080,8080,web
472,145.084,57174,8080,8080,web
1029,149.246,45771,443,443,web
1407,5.061,29635,8443,8443,file
224,343.2,28423,443,443,web
1109,36.072,61287,8554,8554,video
771,83.706,37302,443,443,web
907,57.717,18836,8554,8554,video
1401,3.57,54720,443,443,file
702,404.28,21221,8443,8443,web
1060,14.378,46240,443,443,video
583,235.012,13579,443,443,web
1500,8.502,63381,989,989,file
258,20.249,64875,443,443,voip
1500,2.532,64089,990,990,file
1213,71.948,8679,443,443,video
1263,18.286,24910,8554,8554,video
193,27.28,18638,8080,8080,voip
558,655.394,19863,443,443,web
689,14.18,11213,5004,5004,video
1061,270.11,63059,80,80,web
528,7.614,25837,8080,8080,voip
646,59.665,50578,443,443,web
1152,30.331,18489,8080,8080,video
1500,3.18,16186,8081,8081,file
60,31.065,18992,10000,10000,voip
792,38.351,40937,8080,8080,web
1310,4.165,7330,989,989,file
1380,43.644,36990,8443,8443,video
189,18.437,54056,5060,5060,voip
295,1000.0,60558,80,80,web
791,369.167,61186,443,443,web
1311,34.1,2911,5005,2911,video
575,370.164,59743,443,443,web
1429,29.643,62250,5005,5005,video
1110,153.673,19022,8554,8554,video
214,10.201,43339,8443,8443,voip
442,532.855,31115,80,80,web
720,255.37,28618,443,443,web
1161,4.159,39460,8080,8080,file
1471,3.056,10085,20,20,file
1500,0.762,35219,21,21,file
180,17.108,16337,443,443,voip
892,458.727,23370,443,443,web
616,237.836,38776,443,443,web
201,14.109,40074,10001,10001,voip
975,489.217,54303,80,80,web
954,19.371,21643,8554,8554,video
619,267.909,34800,8080,8080,web
1500,33.732,21410,5005,5005,video
211,25.723,13005,5061,5061,voip
1500,3.122,8663,20,20,file
1038,38.861,53680,5004,5004,video
1500,4.076,5057,8443,5057,file
1500,4.849,36440,8081,8081,file
181,17.687,16563,10001,10001,voip
244,13.634,13217,10000,10000,voip
1500,1.593,44244,443,443,file
338,118.289,52953,8080,8080,web
596,238.751,64884,80,80,web
1026,114.819,37287,443,443,web
1463,3.277,19586,989,989,file
958,31.527,61092,443,443,video
133,19.704,33283,10002,10002,voip
1273,15.14,47028,8080,8080,video
409,198.711,61188,8080,8080,web
656,173.115,54915,8443,8443,web
781,416.086,6238,443,443,web
1002,50.84,20203,443,443,web
579,108.704,15088,443,443,web
165,28.004,60416,8443,8443,voip
144,17.572,25914,10002,10002,voip
1087,41.167,6989,8080,6989,video
965,653.63,1440,8080,1440,web
495,101.036,39750,8080,8080,web
1264,20.255,27380,5004,5004,video
381,474.047,25828,8443,8443,web
126,13.589,43497,443,443,voip
179,52.096,18744,8080,8080,web
147,15.918,56459,10001,10001,voip
201,14.938,19636,10002,10002,voip
1458,166.479,37952,5005,5005,video
1500,5.667,41105,989,989,file
1498,1.248,38100,8080,8080,file
1279,3.277,2830,20,20,file
778,3.559,33080,989,989,file
1012,736.055,42650,80,80,web
244,100.177,38928,80,80,web
710,395.43,6974,8080,6974,web
1319,17.48,47146,1935,1935,video
1306,2.159,18290,20,20,file
175,16.371,33520,10001,10001,voip
1070,301.342,10105,8080,8080,web
806,718.724,61962,443,443,web
1037,48.213,59810,8080,8080,video
1465,3.714,62527,990,990,file
1227,2.278,26544,21,21,file
1100,18.269,52573,8443,8443,video
1024,31.232,64707,5005,5005,video
1489,1.331,15619,8080,8080,file
1019,165.252,61317,8443,8443,web
290,8.813,38223,10000,10000,voip
158,18.617,8008,5060,5060,voip
1051,4.792,39665,989,989,file
1473,3.604,18465,20,20,file
217,26.094,23056,10001,10001,voip
701,69.752,56402,8443,8443,web
1369,26.828,42451,5005,5005,video
244,58.742,20366,8080,8080,voip
1179,2.396,28273,8080,8080,file
606,543.055,14498,8443,8443,web
295,30.459,35213,10002,10002,voip
172,19.514,26048,8443,8443,voip
1012,43.911,62188,5005,5005,video
1305,3.471,5499,20,20,file
1131,47.4,45451,8554,8554,video
929,24.64,17795,5005,5005,video
218,353.551,45862,8443,8443,web
881,31.219,14321,5004,5004,video
598,535.079,18758,8443,8443,web
343,208.851,60102,443,443,web
760,274.218,26540,80,80,web
1047,351.036,44876,8443,8443,web
1113,95.568,47365,8080,8080,web
889,214.281,31856,443,443,web
179,15.525,52422,5060,5060,voip
1409,3.88,17259,443,443,file
122,30.503,30786,10000,10000,voip
138,18.615,59846,5060,5060,voip
806,485.396,20879,8443,8443,web
1299,1.072,60893,8081,8081,file
391,183.33,10294,8443,8443,web
295,13.117,31262,8080,8080,voip
395,513.8,24768,80,80,web
278,25.914,62673,10001,10001,voip
125,15.431,20220,10000,10000,voip
1419,6.99,35042,990,990,file
198,17.839,16738,10002,10002,voip
1056,4.86,43249,443,443,file
264,444.967,48449,443,443,web
195,13.946,23312,10002,10002,voip
1500,2.64,62499,21,21,file
1248,2.481,57095,8443,8443,file
1500,6.564,52874,8081,8081,file
1270,1.656,40493,8081,8081,file
495,108.2,11128,443,443,web
573,167.662,39500,443,443,web
1500,1.655,27010,8443,8443,file
881,529.307,11504,8443,8443,web
177,17.862,45891,10001,10001,voip
201,22.882,8671,8443,8443,voip
204,78.318,32664,10002,10002,voip
341,385.134,37033,8080,8080,web
1442,48.723,54917,5005,5005,video
150,13.833,58401,5060,5060,voip
194,22.063,18649,10000,10000,voip
982,37.352,63838,8554,8554,video
430,193.476,11096,80,80,web
64,55.57,20278,5060,5060,voip
155,12.329,30120,8080,8080,voip
1294,7.928,26376,21,21,file
837,400.953,53103,8080,8080,web
1383,3.574,53285,8081,8081,file
1404,4.492,55738,989,989,file
1192,1.195,22892,8443,8443,file
542,499.348,27083,80,80,web
1078,1.799,17958,990,990,file
175,14.481,22732,10001,10001,voip
253,37.4,6819,8080,6819,voip
513,400.438,4958,443,443,web
1025,23.844,46224,5004,5004,video
513,92.817,31844,80,80,web
1289,21.924,7263,5005,5005,video
315,28.107,42262,443,443,web
721,249.975,41061,8443,8443,web
1414,5.606,21907,21,21,file
1197,3.942,9298,989,989,file
681,126.406,55750,80,80,web
723,6.851,46748,5005,5005,video
1094,27.72,31245,8080,8080,video
60,5.798,52840,10000,10000,voip
788,343.893,48570,8080,8080,web
1114,9.491,26687,989,989,file
632,262.362,34034,8080,8080,web
1369,5.536,46142,8080,8080,file
898,39.6,54264,443,443,video
1481,6.869,13191,443,443,video
182,16.002,57396,10002,10002,voip
1151,87.639,51978,8554,8554,video
1147,22.512,26316,8554,8554,video
436,296.941,20905,443,443,web
1046,20.528,33774,5005,5005,video
200,753.392,15349,80,80,web
1354,8.823,55550,989,989,file
1441,10.212,9584,8081,8081,file
209,12.857,20267,5060,5060,voip
221,64.795,44492,10001,10001,voip
1399,2.603,59693,21,21,file
1355,3.063,63920,8080,8080,file
1500,2.825,14359,8080,8080,file
545,133.211,1190,443,443,web
1258,31.408,50434,5004,5004,video
1065,67.88,34465,443,443,video
634,456.142,20626,443,443,web
431,195.173,37722,8080,8080,web
905,483.357,3097,443,443,web
813,330.757,34242,443,443,web
408,53.549,24231,443,443,voip
740,220.735,26388,8080,8080,web
1294,6.836,61298,990,990,file
1332,4.967,24255,20,20,file
239,22.876,62613,10000,10000,voip
266,195.291,37658,8443,8443,web
963,329.243,50767,8443,8443,web
359,331.808,52834,8443,8443,web
259,160.95,22767,80,80,web
1500,3.362,7030,8081,7030,file
755,279.705,58401,8443,8443,web
208,168.013,10434,8443,8443,web
1350,44.657,54613,5004,5004,video
352,103.029,24979,8080,8080,web
747,162.357,24894,8443,8443,web
1316,13.526,57224,21,21,file
171,21.189,56795,8443,8443,voip
784,475.133,1425,8080,1425,web
893,71.94,23602,8443,8443,web
188,218.052,40641,443,443,web
174,22.849,28841,10001,10001,voip
1500,2.194,11327,990,990,file
518,1000.0,53013,443,443,web
749,648.829,23352,8080,8080,web
154,18.139,44408,443,443,voip
105,11.167,25629,5060,5060,voip
1500,52.844,8174,5005,5005,video
129,16.686,20520,10002,10002,voip
1039,400.712,40354,8443,8443,web
1168,29.747,23539,8554,8554,video
1243,3.513,50879,990,990,file
1040,26.066,62825,8443,8443,video
266,14.128,18152,8080,8080,voip
1061,17.503,28408,8554,8554,video
1088,18.709,54269,8443,8443,video
1243,25.947,4418,5004,4418,video
1062,10.018,32482,443,443,file
1284,10.487,61599,8081,8081,file
1500,142.916,27939,5005,5005,video
1126,0.754,64847,21,21,file
1295,6.25,34845,8080,8080,file
701,424.591,15639,8080,8080,web
141,16.615,7050,5061,5061,voip
332,197.888,14766,8443,8443,web
738,11.831,49091,5005,5005,video
212,12.74,53785,8443,8443,voip
1500,4.274,16306,8080,8080,video
1482,59.642,23639,8080,8080,video
357,98.439,39064,443,443,web
342,173.386,44115,8443,8443,web
1500,4.353,5156,443,443,file
617,258.211,61155,80,80,web
153,159.782,47186,8080,8080,web
179,20.954,38173,8443,8443,voip
1343,7.606,3175,990,990,file
876,123.11,38369,443,443,web
481,233.4,20793,80,80,web
994,22.836,57062,5005,5005,video
140,40.078,55231,10000,10000,voip
874,20.309,22413,8443,8443,video
219,536.707,2684,443,443,web
1500,11.613,38005,20,20,file
1131,26.909,59140,1935,1935,video
1491,3.044,2102,443,443,file
194,10.607,20559,443,443,voip
1068,23.664,35989,8080,8080,video
1264,1.123,37902,8081,8081,file
254,386.68,22167,80,80,web
389,194.807,6758,8443,6758,web
1262,337.465,13648,8080,8080,web
768,365.148,39240,443,443,web
492,53.223,22395,80,80,web
947,60.716,55401,8443,8443,web
747,300.667,51000,8080,8080,web
1165,26.142,5909,5004,5004,video
1462,5.057,52283,20,20,file
1262,13.608,33013,20,20,file
216,21.712,12017,10002,10002,voip
1500,10.283,51229,20,20,file
1221,35.935,63178,8080,8080,video
1420,5.83,16016,443,443,file
1432,24.466,38744,1935,1935,video
337,68.429,59716,8443,8443,web
780,78.81,30846,8080,8080,web
1500,2.777,21304,8081,8081,file
109,15.838,46262,5060,5060,voip
168,17.505,64222,8080,8080,voip
1413,6.855,34479,8443,8443,file
1216,4.572,62363,20,20,file
727,227.152,40447,80,80,web
220,20.198,49266,8080,8080,voip
719,39.306,63134,8080,8080,web
60,48.807,14068,443,443,voip
1195,36.795,55579,1935,1935,video
1043,15.498,3363,8443,3363,video
1442,3.47,55094,8080,8080,file
1214,22.655,63602,990,990,file
735,81.845,63581,8443,8443,web
515,444.44,32777,8080,8080,web
178,15.708,36385,5061,5061,voip
405,391.514,60696,443,443,web
1376,1.712,27260,8080,8080,file
1419,1.271,17804,8081,8081,file
1020,1.353,20120,443,443,file
1291,4.218,64708,990,990,file
1500,4.174,63027,8080,8080,file
1500,14.778,14983,1935,1935,video
1342,16.951,43357,5005,5005,video
1364,8.246,27769,990,990,file
332,74.957,34066,10001,10001,voip
1500,17.881,1499,989,989,file
60,6.998,47991,10001,10001,voip
1449,41.329,25348,5004,5004,video
1385,1.764,56736,21,21,file
154,9.106,6997,10001,6997,voip
1362,12.295,35763,20,20,file
418,84.081,63665,443,443,web
445,211.765,25006,8080,8080,web
242,5.339,55023,443,443,voip
1342,26.846,63074,5004,5004,video
1333,7.547,22463,990,990,file
496,575.723,60065,8080,8080,web
1187,184.29,59394,8554,8554,video
776,43.447,53039,8443,8443,video
757,236.588,48272,8080,8080,web
190,9.693,7761,8080,7761,voip
174,44.222,5197,8443,5197,voip
1227,17.636,12011,5005,5005,video
1102,8.875,45657,8081,8081,file
1007,56.081,43570,8080,8080,video
1381,55.372,60594,5005,5005,video
1265,37.405,48315,5004,5004,video
1247,17.702,25290,5004,5004,video
638,194.427,43136,8443,8443,web
210,420.443,6107,8080,6107,web
1500,3.014,19746,8443,8443,file
1021,10.85,37434,8080,8080,video
1399,31.408,35469,5004,5004,video
431,162.803,49676,80,80,web
458,89.811,30415,5061,5061,voip
544,74.369,46093,443,443,web
1383,9.348,18684,989,989,file
797,48.886,64954,80,80,web
1500,60.743,46413,5004,5004,video
184,15.907,46527,5061,5061,voip
1378,47.182,43573,5004,5004,video
1175,36.308,20049,1935,1935,video
994,15.745,10136,5005,5005,video
192,338.261,44321,443,443,web
1079,27.264,31026,8443,8443,video
162,20.555,8095,10001,8095,voip
968,18.545,61499,8554,8554,video
1446,42.129,60172,5005,5005,video
1159,33.769,52699,8554,8554,video
194,20.593,33687,5060,5060,voip
1422,7.324,37891,8443,8443,file
149,14.344,40932,5061,5061,voip
1500,1.543,9310,21,21,file
1374,4.581,40277,989,989,file
943,20.896,42636,443,443,video
1329,2.097,36156,20,20,file
1449,57.575,58611,1935,1935,video
892,21.458,7868,443,443,video
142,17.291,18107,8080,8080,voip
1024,17.162,29134,443,443,video
1500,8.377,52640,8080,8080,file
1500,7.589,20920,21,21,file
1332,6.344,62216,8080,8080,file
175,22.282,63245,10000,10000,voip
1452,6.379,45142,443,443,file
1338,24.785,29855,8443,8443,video
179,13.074,59613,10001,10001,voip
1500,10.978,62372,1935,1935,video
379,402.228,63419,8443,8443,web
1238,3.971,51729,989,989,file
1500,107.516,57285,5005,5005,video
796,40.337,62112,5005,5005,video
213,17.431,60210,5060,5060,voip
203,24.081,14935,10001,10001,voip
1126,34.049,4084,1935,1935,video
1333,2.295,61834,20,20,file
698,288.751,46496,8443,8443,web
1082,15.221,25962,8080,8080,video
195,20.421,13416,10001,10001,voip
214,26.121,45573,10001,10001,voip
1500,1.443,62469,989,989,file
1315,18.548,3287,8443,3287,video
1221,37.114,48507,5005,5005,video
1438,208.873,8166,8443,8166,video
1402,4.458,13919,8443,8443,file
979,194.044,56180,8443,8443,web
1500,34.314,23237,443,443,video
1315,23.476,64230,1935,1935,video
1500,3.506,63617,8080,8080,file
1330,4.844,26667,8081,8081,file
180,17.942,11571,10000,10000,voip
1323,3.664,4190,989,989,file
148,21.145,59494,8443,8443,voip
1391,25.196,37536,5005,5005,video
824,68.966,45610,443,443,web
1224,8.708,50554,21,21,file
218,12.362,56272,10001,10001,voip
912,167.784,2820,8443,2820,web
121,25.579,19056,443,443,voip
1009,98.197,30821,443,443,web
1500,1.136,53697,8080,8080,file
1247,26.685,62646,1935,1935,video
1500,6.33,28840,21,21,file
1268,39.281,2904,5004,2904,video
223,231.371,14706,443,443,web
883,421.999,55697,8443,8443,web
137,23.401,22693,8443,8443,voip
161,5.38,25827,10002,10002,voip
1449,33.693,38919,8554,8554,video
1136,45.047,19959,8443,8443,video
1014,184.162,33252,8443,8443,web
1439,2.672,40288,443,443,file
992,47.779,9509,8443,8443,video
166,14.358,29389,10002,10002,voip
1357,5.614,39375,8443,8443,file
732,61.017,28313,8443,8443,web
203,13.606,62227,5060,5060,voip
228,13.229,19782,10001,10001,voip
1500,1.359,21942,20,20,file
177,14.287,1621,8080,1621,voip
1351,2.212,14125,20,20,file
1016,96.341,24382,443,443,web
1229,29.984,32716,8443,8443,video
911,680.905,45462,8080,8080,web
171,30.666,34584,10000,10000,voip
1092,49.891,16011,8554,8554,video
157,9.247,29765,5061,5061,voip
1213,6.488,39374,20,20,file
105,23.037,9971,5061,5061,voip
1129,2.675,56077,21,21,file
1500,1.192,53795,8443,8443,file
622,128.681,35163,8443,8443,web
262,224.507,39573,443,443,web
245,66.283,54777,443,443,web
1235,25.702,10183,8554,8554,video
1236,4.994,4232,989,989,file
510,99.377,17705,8443,8443,web
583,220.069,32768,443,443,web
1342,22.597,45820,5004,5004,video
593,193.711,50202,8443,8443,web
154,13.966,28230,10001,10001,voip
113,31.599,9432,5060,5060,voip
1500,3.444,29707,8443,8443,file
1500,16.676,13412,443,443,file
201,16.128,16707,8443,8443,voip
989,50.728,28516,8443,8443,video
1012,56.198,61549,8554,8554,video
120,10.536,36530,10002,10002,voip
1430,2.053,26054,8081,8081,file
250,20.745,57046,443,443,voip
245,238.843,18583,443,443,web
1213,47.803,64417,1935,1935,video
1367,40.333,48076,5005,5005,video
323,299.201,33793,8080,8080,web
1168,5.014,3083,8443,3083,file
160,10.042,54260,443,443,voip
250,10.486,10058,443,443,voip
973,27.361,42540,8080,8080,video
90,30.602,39354,5060,5060,voip
1245,67.731,40443,8443,8443,video
1248,7.165,53913,989,989,file
1016,3.548,4951,990,990,file
1367,2.59,37983,8081,8081,file
153,12.271,18304,443,443,voip
1313,19.696,25070,5004,5004,video
715,101.983,15391,443,443,web
1188,26.381,39557,5005,5005,video
1464,8.877,2368,443,443,file
859,213.129,37340,443,443,web
1293,40.235,14680,8443,8443,video
1445,0.742,50494,21,21,file
1183,2.117,10930,8443,8443,file
178,23.582,9612,5060,5060,voip
126,27.987,11591,443,443,voip
221,13.071,55832,443,443,voip
1202,346.734,14816,80,80,web
608,267.586,9907,443,443,web
1452,18.632,25481,443,443,video
1500,3.188,47936,443,443,file
827,273.063,48935,443,443,web
1150,3.413,30188,990,990,file
1097,44.3,12346,443,443,video
1463,2.884,46716,990,990,file
1500,2.566,7908,443,443,file
1162,0.703,40546,443,443,file
543,434.289,46047,8443,8443,web
716,142.5,47323,8080,8080,web
1356,11.269,53631,443,443,file
186,13.26,40292,10001,10001,voip
96,13.853,3099,10002,3099,voip
150,24.442,32390,8080,8080,voip
854,324.593,41601,80,80,web
1403,0.87,59313,443,443,file
165,5.888,34310,10001,10001,voip
60,39.435,29693,10001,10001,voip
1053,3.549,50814,990,990,file
1388,7.135,16055,8081,8081,file
1187,7.891,56270,21,21,file
990,21.769,15532,8443,8443,video
1500,1.486,5334,20,20,file
947,27.687,51765,8080,8080,video
908,14.549,58682,443,443,video
191,20.825,7717,5061,5061,voip
1341,6.612,11287,21,21,file
1083,9.947,5996,8080,5996,video
1319,16.407,33362,8080,8080,video
1351,5.025,6785,990,990,file
159,18.028,34326,10002,10002,voip
558,59.363,9962,443,443,web
218,18.028,59423,10002,10002,voip
505,101.556,64934,8080,8080,web
1163,7.876,14325,8081,8081,file
1313,7.138,57064,8081,8081,file
1196,23.503,36556,8080,8080,video
150,13.553,63533,10000,10000,voip
1429,1.354,55391,21,21,file
131,5.215,32123,10001,10001,voip
1091,169.154,56730,5005,5005,video
1099,113.319,13752,5005,5005,video
1493,32.967,62014,8080,8080,video
1468,3.019,49195,443,443,file
1024,30.993,23812,443,443,video
919,52.123,30588,1935,1935,video
877,5.147,3182,8554,3182,video
104,13.361,62534,10000,10000,voip
667,51.109,22243,8080,8080,web
1500,2.4,10412,8443,8443,file
1308,4.357,41254,8081,8081,file
629,247.972,43153,8080,8080,web
860,76.805,23771,443,443,web
187,22.086,1827,10001,1827,voip
1004,1.642,17879,443,443,file
1500,52.67,59895,1935,1935,video
1318,4.141,3473,20,20,file
128,62.693,10301,5061,5061,voip
913,169.253,19858,8443,8443,web
398,455.559,35239,8080,8080,web
99,12.165,8435,443,443,voip
1228,8.707,54713,443,443,file
171,14.764,49934,10000,10000,voip
570,258.771,5899,80,80,web
1197,168.751,17362,8080,8080,web
1033,167.77,64510,80,80,web
818,288.506,15654,8080,8080,web
200,44.153,40727,8080,8080,voip
874,483.084,50650,443,443,web
154,15.082,52906,10001,10001,voip
1427,7.211,61147,8081,8081,file
282,239.79,52678,8080,8080,web
105,24.043,20658,443,443,voip
1290,22.538,40787,8080,8080,video
222,25.403,24122,8443,8443,voip
697,215.37,18561,8080,8080,web
199,28.264,17361,10000,10000,voip
993,33.395,23927,5004,5004,video
267,240.532,5277,443,443,web
1194,1.881,39096,20,20,file
193,17.899,3688,8443,3688,voip
1500,61.746,12185,8080,8080,video
199,16.717,38161,10001,10001,voip
1281,6.19,3614,443,443,file
186,21.134,45074,5060,5060,voip
212,130.385,42511,8080,8080,web
930,449.253,55416,8443,8443,web
123,21.338,21035,5060,5060,voip
348,161.354,27347,443,443,web
194,22.616,9860,8080,8080,voip
1013,7.092,54370,989,989,file
1500,5.269,62359,990,990,file
1070,5.274,59098,8443,8443,file
1104,10.841,37222,8443,8443,file
186,1000.0,21384,8443,8443,web
827,383.107,22376,8080,8080,web
1224,19.501,8805,8080,8080,video
225,7.553,9874,10000,9874,voip
60,45.439,21422,10001,10001,voip
1419,2.452,23316,20,20,file
1084,7.831,26925,989,989,file
1088,155.122,39774,8080,8080,web
805,335.954,8738,443,443,web
108,11.178,28652,10001,10001,voip
188,45.236,32203,10001,10001,voip
1500,3.534,22811,8443,8443,file
1060,2.27,15139,21,21,file
132,62.217,30142,5061,5061,voip
238,12.521,13560,10000,10000,voip
172,23.437,26843,8080,8080,voip
1418,28.674,24887,8080,8080,video
130,22.917,64544,5060,5060,voip
431,591.856,40859,8080,8080,web
163,16.147,36561,8443,8443,voip
1125,36.379,34383,443,443,video
945,40.947,40554,1935,1935,video
963,328.921,18531,8443,8443,web
1500,30.449,64591,5005,5005,video
1026,23.707,43365,8080,8080,video
213,12.529,48687,8443,8443,voip
225,27.067,1385,10002,1385,voip
994,22.674,60768,1935,1935,video
1255,4.049,64631,8081,8081,file
481,49.156,14043,443,443,web
1500,47.856,35293,8554,8554,video
1266,3.295,17486,8080,8080,file
970,56.321,64705,5005,5005,video
275,10.948,45432,8443,8443,voip
334,100.392,5325,443,443,web
1482,2.86,45909,21,21,file
1053,26.287,27779,8554,8554,video
1500,5.357,58396,21,21,file
187,9.621,55882,5060,5060,voip
281,144.919,4559,443,443,web
1291,29.789,21133,5004,5004,video
920,27.804,52654,5004,5004,video
145,16.653,42221,8443,8443,voip
199,12.88,26378,8443,8443,voip
1500,4.953,11434,989,989,file
1500,4.606,46107,989,989,file
1191,25.528,47440,5004,5004,video
1019,87.919,53548,1935,1935,video
172,15.068,35707,5060,5060,voip
190,15.155,12739,10000,10000,voip
1482,23.263,11117,8080,8080,video
1500,4.971,9042,20,20,file
1239,17.248,3043,5004,3043,video
343,851.123,53633,8443,8443,web
1203,27.925,57943,443,443,video
563,113.879,21196,8080,8080,web
1012,31.879,36018,8554,8554,video
1401,2.903,17469,8443,8443,file
421,311.345,8277,80,80,web
258,8.695,25221,10001,10001,voip
1387,32.277,1091,8554,1091,video
140,65.819,54190,10002,10002,voip
872,684.611,41013,8443,8443,web
180,7.729,50352,10001,10001,voip
1394,3.89,8979,8081,8081,file
222,14.078,64896,5061,5061,voip
1336,5.846,33840,8080,8080,file
451,13.366,8685,10001,8685,voip
518,186.605,63019,443,443,web
1214,108.122,53312,5005,5005,video
1006,24.603,13821,5004,5004,video
989,345.414,26197,8443,8443,web
1331,2.926,48956,989,989,file
1500,3.06,63328,989,989,file
907,221.667,36791,80,80,web
1459,3.41,33185,989,989,file
201,28.66,4719,5061,4719,voip
777,451.419,42987,8080,8080,web
1464,0.872,4471,443,443,file
1087,5.819,56898,8443,8443,file
1288,3.504,36346,989,989,file
1500,16.135,39409,20,20,file
126,20.095,30144,8080,8080,voip
1451,7.769,13571,8443,8443,file
1012,5.775,26598,989,989,file
1342,2.807,2311,21,21,file
1500,24.709,37160,443,443,video
1447,1.129,16736,989,989,file
307,258.75,60370,8080,8080,web
1444,3.105,56665,8081,8081,file
1051,210.224,54327,443,443,web
600,124.358,62614,8443,8443,web
137,28.564,44203,8080,8080,voip
1037,9.641,52386,21,21,file
119,34.982,59605,10000,10000,voip
203,33.897,59169,10002,10002,voip
433,13.496,50280,5061,5061,voip
408,383.803,50555,8080,8080,web
914,55.738,35332,5004,5004,video
1422,24.115,49711,1935,1935,video
1189,21.092,18537,1935,1935,video
201,17.035,44990,10001,10001,voip
321,292.083,16896,8080,8080,web
60,26.005,30068,10001,10001,voip
1442,9.103,6656,989,989,file
253,12.784,37386,5061,5061,voip
1076,23.909,53087,21,21,file
1500,6.497,14271,8081,8081,file
845,37.868,13773,443,443,video
1061,41.092,33620,8080,8080,video
336,33.431,2757,80,80,web
449,42.841,27647,8080,8080,voip
143,31.636,48125,8080,8080,voip
892,145.091,28263,443,443,web
836,38.682,28903,5005,5005,video
600,154.191,36693,8080,8080,web
168,10.477,25353,8080,8080,voip
461,93.66,32778,8443,8443,web
783,178.343,6721,8080,6721,web
389,132.524,46207,8080,8080,web
1054,171.904,61830,8080,8080,web
1250,108.689,18888,8554,8554,video
1379,47.148,57160,8443,8443,video
1500,4.256,62267,443,443,file
135,15.718,2699,5061,2699,voip
1051,54.329,14710,8080,8080,video
666,228.667,26393,443,443,web
995,24.31,38844,1935,1935,video
1500,1.851,54950,989,989,file
1103,32.0,21686,443,443,video
179,27.734,14237,5061,5061,voip
938,58.007,47098,5004,5004,video
1500,66.942,54110,5005,5005,video
1125,4.803,13980,8080,8080,file
1500,6.279,58465,20,20,file
704,38.1,7250,443,443,web
1185,4.451,56179,21,21,file
1245,5.762,7745,8081,7745,file
1169,31.827,9455,5005,5005,video
1070,3.46,57417,21,21,file
301,229.501,32175,8080,8080,web
1352,48.923,57271,8554,8554,video
1500,3.467,20053,8080,8080,file
1463,1.474,58801,989,989,file
1237,3.495,15952,20,20,file
219,562.292,43218,8080,8080,web
565,680.252,34048,8080,8080,web
1217,53.899,16557,8080,8080,video
1244,352.83,29070,8443,8443,web
786,332.085,49089,8080,8080,web
184,5.002,11029,443,443,voip
875,912.716,37782,80,80,web
1158,13.695,45984,8080,8080,video
1446,18.352,46266,1935,1935,video
60,14.805,9102,8443,8443,voip
1393,36.444,22962,443,443,video
1500,5.134,31314,989,989,file
1459,3.772,58989,8080,8080,file
1031,18.093,10568,443,443,video
1489,4.019,53682,21,21,file
364,508.358,34391,443,443,web
113,17.1,25714,10001,10001,voip
862,335.314,20239,8443,8443,web
1168,89.995,60693,443,443,web
1377,4.123,14398,20,20,file
414,153.916,31969,443,443,web
386,139.039,49178,8080,8080,web
748,47.612,50133,5004,5004,video
176,27.528,11751,5061,5061,voip
1232,30.041,18649,443,443,video
1226,2.369,61903,20,20,file
1500,5.903,39296,8080,8080,file
130,15.25,38565,8080,8080,voip
742,139.038,14570,8080,8080,web
194,19.807,6089,5061,5061,voip
1241,1.754,20798,8081,8081,file
977,370.989,44141,8080,8080,web
454,478.307,35960,8080,8080,web
753,278.161,19711,443,443,web
1445,27.147,50889,5005,5005,video
817,287.03,46375,8443,8443,web
524,827.532,21525,443,443,web
60,23.579,7184,8080,7184,voip
689,252.938,28254,8080,8080,web
110,77.216,21654,5060,5060,voip
163,15.707,20683,8443,8443,voip
994,90.701,55557,8080,8080,web
1056,2.285,25117,8443,8443,file
127,18.033,29691,10001,10001,voip
1388,5.935,62480,990,990,file
195,18.09,16872,8443,8443,voip
630,453.255,16426,443,443,web
241,669.656,26521,80,80,web
144,15.775,53903,8443,8443,voip
1157,2.937,59672,8081,8081,file
1405,1.958,2221,990,990,file
630,36.12,63244,8443,8443,web
156,22.622,17365,10001,10001,voip
1155,3.647,12386,20,20,file
1349,6.293,20383,443,443,file
1250,40.277,18523,8443,8443,video
1044,494.741,1173,8080,1173,web
1315,19.302,23459,1935,1935,video
1415,25.352,57168,5005,5005,video
149,22.133,43456,443,443,voip
1500,9.004,11111,20,20,file
1500,0.91,16443,20,20,file
894,49.505,4047,1935,1935,video
220,16.806,22112,5061,5061,voip
944,55.715,28922,5004,5004,video
1121,27.171,6458,5004,5004,video
1424,34.959,22588,8554,8554,video
1120,22.338,33045,8554,8554,video
1500,28.902,45007,443,443,file
1097,194.64,51657,8554,8554,video
160,9.589,21427,443,443,voip
875,88.333,23147,8554,8554,video
78,7.91,54681,5060,5060,voip
1041,1.749,51379,8443,8443,file
1500,5.043,34212,8080,8080,file
1060,36.481,1472,8554,1472,video
1023,52.924,17021,8554,8554,video
115,44.267,48167,8443,8443,voip
782,57.157,6643,443,443,video
1296,4.254,22016,8443,8443,file
1150,56.348,8271,5005,5005,video
1222,23.689,21316,443,443,video
1096,262.134,16784,443,443,web
1238,2.757,10419,8081,8081,file
842,22.159,24708,1935,1935,video
1173,38.807,59141,443,443,video
1494,35.454,63770,8443,8443,video
1328,3.95,60507,989,989,file
605,212.126,4338,8080,4338,web
1022,35.773,48549,5004,5004,video
957,40.613,52074,8554,8554,video
1421,5.291,59583,443,443,file
221,13.64,8428,10002,8428,voip
981,4.439,6116,21,21,file
1373,12.949,50342,8443,8443,file
1453,11.01,60606,443,443,file
987,204.682,40084,8080,8080,web
791,156.557,20041,80,80,web
221,26.166,38024,10000,10000,voip
1192,1.293,28941,8081,8081,file
1028,196.602,52162,8443,8443,web
1217,2.911,56853,8080,8080,file
141,14.953,15302,10000,10000,voip
1500,2.604,18898,989,989,file
158,7.811,49828,8443,8443,voip
1268,32.669,13430,1935,1935,video
743,8.71,62065,8443,8443,video
1358,7.698,61583,443,443,file
60,39.891,8524,5061,5061,voip
1346,42.192,3501,5004,3501,video
681,77.43,53075,5005,5005,video
1309,28.952,40150,443,443,video
1386,3.455,1104,989,989,file
798,561.567,31018,8443,8443,web
918,120.65,49779,443,443,web
1397,3.214,33153,989,989,file
75,22.485,8266,8443,8266,voip
165,20.736,28636,10000,10000,voip
826,243.558,39481,80,80,web
1171,13.771,53065,5004,5004,video
195,13.996,2157,10002,2157,voip
907,17.12,10110,8554,8554,video
1374,6.702,44029,21,21,file
158,16.79,14341,10002,10002,voip
659,103.523,13136,80,80,web
964,39.867,18551,5005,5005,video
1103,538.967,8089,8443,8089,web
320,539.336,47235,8080,8080,web
1290,22.32,18562,5004,5004,video
131,31.352,29369,10000,10000,voip
359,5.634,46332,10000,10000,voip
1095,34.685,51742,8554,8554,video
161,8.443,47214,10002,10002,voip
150,18.701,58881,10001,10001,voip
809,32.029,36266,5005,5005,video
489,207.918,7239,80,80,web
1107,28.689,3567,1935,1935,video
1500,20.367,64964,21,21,file
1457,5.629,53101,8080,8080,file
1500,5.857,40994,8443,8443,file
1343,17.948,45275,8554,8554,video
399,350.743,56991,8443,8443,web
1216,5.059,13241,20,20,file
478,269.388,36435,8443,8443,web
167,89.763,15470,443,443,web
1115,6.825,6338,443,443,file
143,33.315,8099,443,443,voip
997,82.173,41838,1935,1935,video
932,57.792,44632,8443,8443,video
1090,6.809,2605,8080,2605,file
626,656.583,53964,80,80,web
1293,30.51,57538,8443,8443,video
1348,10.629,33319,8443,8443,file
1500,46.38,60024,5005,5005,video
1137,5.748,45612,8080,8080,file
1147,21.804,7018,8554,7018,video
1236,16.629,52182,5005,5005,video
122,30.789,56056,10001,10001,voip
1449,9.978,45837,8554,8554,video
1375,28.187,46881,5004,5004,video
1500,5.501,22916,21,21,file
1214,31.241,52084,8443,8443,video
1040,339.849,57945,80,80,web
847,51.236,2731,5005,2731,video
924,36.81,13460,8080,8080,video
237,474.522,22181,80,80,web
1200,42.953,43825,8554,8554,video
927,15.001,52681,443,443,video
1092,10.437,40804,989,989,file
205,22.761,25195,8080,8080,voip
1500,3.861,10499,8443,8443,file
78,35.293,44699,5061,5061,voip
1403,2.793,7094,8081,7094,file
1009,8.726,49725,990,990,file
1182,50.799,30967,5005,5005,video
182,34.657,25573,5061,5061,voip
1098,13.169,43800,8443,8443,video
614,274.418,59100,8080,8080,web
1183,20.591,37278,8443,8443,video
250,21.931,30922,10002,10002,voip
187,7.811,50990,5060,5060,voip
181,20.102,39632,10001,10001,voip
1132,5.004,27709,443,443,file
163,19.612,57305,5061,5061,voip
175,44.595,4314,8080,4314,voip
1500,15.854,12182,20,20,file
316,394.834,1771,8080,1771,web
1277,65.025,51441,5004,5004,video
1500,1.629,18923,443,443,file
1464,38.694,35698,8554,8554,video
209,27.397,24032,5060,5060,voip
208,13.781,25851,10001,10001,voip
1192,58.117,16482,8554,8554,video
1097,14.325,41439,8554,8554,video
1283,1.075,28103,8443,8443,file
151,19.511,35005,5061,5061,voip
959,82.587,53961,443,443,web
313,30.438,20060,443,443,voip
1274,94.201,6377,80,80,web
1036,22.753,43201,5005,5005,video
1465,71.74,22457,8554,8554,video
1211,40.705,2362,8443,2362,video
755,433.109,32803,443,443,web
850,321.585,46848,443,443,web
378,68.188,56110,8080,8080,web
1456,33.122,54161,8443,8443,video
1209,3.604,23629,21,21,file
351,54.495,58007,443,443,voip
251,156.34,22963,443,443,web
684,509.317,11217,8080,8080,web
1057,521.83,17849,80,80,web
1078,0.98,32043,20,20,file
355,56.146,50782,80,80,web
1234,4.215,4953,8080,4953,file
1404,29.488,48136,8554,8554,video
128,23.023,57020,10000,10000,voip
337,664.63,58230,8080,8080,web
700,321.357,45528,80,80,web
179,23.121,21793,5061,5061,voip
1416,51.767,55950,8443,8443,video
549,17.41,37551,443,443,web
1017,24.987,11253,8554,8554,video
191,22.89,36331,10000,10000,voip
1272,5.941,1358,443,443,file
777,32.077,25065,5005,5005,video
359,141.07,44815,8080,8080,web
974,21.602,47518,8443,8443,video
307,394.208,18154,8080,8080,web
229,36.46,33713,10000,10000,voip
1136,13.436,15123,443,443,file
1393,5.404,40180,20,20,file
226,31.648,20056,5061,5061,voip
1042,3.003,52796,443,443,file
1446,4.161,40684,989,989,file
1394,56.738,32825,443,443,video
752,340.074,2335,8443,2335,web
1219,29.998,31600,1935,1935,video
1500,1.015,24973,8443,8443,file
1415,0.775,36997,990,990,file
170,17.946,38507,8443,8443,voip
1500,4.071,20700,8081,8081,file
789,27.785,25507,5005,5005,video
60,61.642,41173,443,443,voip
1336,25.798,16414,8443,8443,video
1434,4.063,9215,990,990,file
1011,153.497,5928,8443,5928,web
211,6.641,3401,443,443,voip
1048,4.567,54201,8080,8080,file
133,9.914,10513,5061,5061,voip
176,9.839,61453,5061,5061,voip
894,1.951,1208,8443,1208,file
1500,19.004,44655,1935,1935,video
1167,25.79,2386,8443,2386,video
1500,1.233,21561,21,21,file
1401,8.099,27003,989,989,file
772,194.13,27036,443,443,web
1211,3.833,19444,8443,8443,file
488,211.497,18126,8080,8080,web
1500,43.529,36373,8080,8080,video
159,10.328,64284,10002,10002,voip
1454,2.481,26088,20,20,file
933,85.0,34739,8080,8080,web
1306,33.498,50029,8554,8554,video
202,6.788,37798,10001,10001,voip
750,335.799,31209,443,443,web
1500,4.51,47339,990,990,file
1124,41.351,50509,443,443,video
1325,4.947,61044,21,21,file
189,10.48,51759,10000,10000,voip
1014,2.075,47368,8080,8080,file
1090,458.281,54508,8443,8443,web
1335,0.804,41828,443,443,file
1073,0.873,58068,8081,8081,file
620,55.35,58549,8080,8080,web
1123,2.172,30929,989,989,file
555,530.957,59341,8080,8080,web
1205,6.333,37111,990,990,file
1500,4.754,20119,443,443,file
196,11.76,33103,10002,10002,voip
1500,39.532,1644,5005,1644,video
1290,1.043,64745,8443,8443,file
1172,427.161,59016,8443,8443,web
571,46.274,41756,8443,8443,web
172,254.063,18303,8080,8080,web
976,461.016,38271,8443,8443,web
151,20.443,33364,5060,5060,voip
430,317.096,2297,443,443,web
744,381.654,2383,80,80,web
224,131.252,26535,443,443,web
663,86.872,29778,8443,8443,web
182,13.238,42518,10002,10002,voip
939,0.933,7285,990,990,file
195,30.517,52310,443,443,voip
1103,3.399,52112,989,989,file
843,38.11,46655,8443,8443,video
741,343.991,33850,8443,8443,web
669,374.652,35589,8443,8443,web
1111,14.313,38943,8443,8443,video
1407,0.955,44656,8080,8080,file
189,17.733,63172,443,443,voip
445,142.631,26358,8443,8443,web
1441,6.02,27647,989,989,file
1288,13.813,1882,5005,1882,video
426,80.945,4869,8080,4869,web
1265,79.436,24413,1935,1935,video
1208,27.439,29086,5005,5005,video
1016,41.95,62128,443,443,video
198,278.613,38315,8080,8080,web
936,390.962,28790,8443,8443,web
785,667.824,15459,8080,8080,web
1046,22.877,24417,8080,8080,video
1480,1.414,36508,8443,8443,file
178,14.349,2418,8443,2418,voip
495,1000.0,12886,8080,8080,web
1500,8.096,58463,8081,8081,file
1185,1.588,63347,21,21,file
1147,36.032,43614,5004,5004,video
258,18.068,59953,8080,8080,voip
997,55.072,35633,8443,8443,video
1327,25.322,37510,8080,8080,video
441,371.257,40467,8443,8443,web
1310,5.925,57415,443,443,file
1500,27.271,49408,5005,5005,video
1367,7.897,22524,990,990,file
136,21.924,40564,5061,5061,voip
1424,36.409,53636,8080,8080,video
194,19.918,2811,443,443,voip
1100,55.659,57414,8443,8443,video
1500,85.754,22791,1935,1935,video
195,34.897,43459,443,443,voip
1313,10.096,34770,990,990,file
924,563.566,47923,80,80,web
1065,24.48,62345,8554,8554,video
163,11.078,48817,10002,10002,voip
1104,16.326,53961,8080,8080,file
1354,33.245,36601,8080,8080,video
60,10.253,58536,10001,10001,voip
183,15.839,32679,5061,5061,voip
1170,14.223,16358,8443,8443,video
209,75.181,21327,8080,8080,web
1231,12.052,21817,8081,8081,file
1351,2.028,16657,20,20,file
1237,2.43,23445,989,989,file
147,13.422,55728,5060,5060,voip
981,34.958,5945,8554,5945,video
1359,5.582,41264,8081,8081,file
1031,46.134,21142,1935,1935,video
1278,3.252,2479,21,21,file
457,135.971,45155,80,80,web
1326,15.583,19804,8554,8554,video
520,399.984,56301,8080,8080,web
708,127.543,45074,8080,8080,web
1356,31.601,44708,5005,5005,video
1085,26.82,5681,8554,5681,video
1500,47.111,37759,8443,8443,video
1178,47.321,56458,1935,1935,video
1041,64.875,55801,1935,1935,video
60,44.094,26696,10000,10000,voip
954,29.345,17214,443,443,video
1168,4.474,34729,443,443,file
1372,203.608,31458,8554,8554,video
1075,30.603,52827,8443,8443,video
718,139.399,31002,8080,8080,web
1075,33.599,61215,443,443,video
1058,4.833,20233,989,989,file
1500,5.417,34060,8443,8443,file
1333,6.558,16985,443,443,file
1336,10.707,33123,8081,8081,file
1261,2.977,42976,8080,8080,file
192,15.217,61690,8443,8443,voip
973,26.759,20427,5005,5005,video
350,334.799,33677,443,443,web
218,329.854,20809,8443,8443,web
805,864.673,63141,8443,8443,web
1198,167.571,13084,8080,8080,web
819,15.589,38846,5004,5004,video
1252,18.58,53642,5004,5004,video
1064,4.704,24384,8080,8080,file
538,31.285,30939,443,443,web
1182,5.282,30109,8081,8081,file
1158,7.542,39943,20,20,file
580,302.473,13978,8443,8443,web
480,60.464,19818,8080,8080,web
217,18.116,63552,10000,10000,voip
1384,4.288,56070,8081,8081,file
925,4.111,22586,8443,8443,file
464,234.787,61545,443,443,web
182,24.78,38051,10001,10001,voip
1212,1.445,30014,8443,8443,file
358,293.985,36817,80,80,web
478,175.156,26226,8443,8443,web
813,76.326,50785,8080,8080,web
1500,3.147,18720,8080,8080,file
217,178.156,23849,8080,8080,web
1301,6.169,10481,21,21,file
1368,3.653,38523,20,20,file
184,10.081,41655,10001,10001,voip
1266,19.795,24147,5005,5005,video
1126,10.663,26348,8081,8081,file
1087,38.686,3954,1935,1935,video
1254,7.306,25342,8081,8081,file
983,26.477,25066,1935,1935,video
1083,3.298,6636,21,21,file
412,351.542,13415,443,443,web
1500,6.087,49708,990,990,file
1138,1.142,8684,8443,8443,file
461,132.694,18371,80,80,web
1345,22.543,62678,1935,1935,video
1096,186.25,24703,443,443,web
158,23.091,4965,443,443,voip
483,351.638,9239,8080,8080,web
1407,3.206,50321,443,443,file
881,158.6,36296,443,443,web
1026,67.015,45462,5005,5005,video
553,299.924,43531,8080,8080,web
1384,6.358,52236,20,20,file
1394,3.295,44606,8081,8081,file
100,29.983,25303,10000,10000,voip
1150,2.954,13507,8443,8443,file
1266,5.505,33051,443,443,file
1325,3.498,16363,21,21,file
197,13.733,60073,5061,5061,voip
175,13.315,3242,5061,3242,voip
1387,24.777,34797,8554,8554,video
1500,2.28,38795,20,20,file
126,11.858,35036,5060,5060,voip
637,848.259,15949,8443,8443,web
941,12.993,62198,5004,5004,video
76,17.212,59118,5061,5061,voip
1326,5.35,19980,443,443,file
788,419.928,2654,8443,2654,web
1281,2.182,2743,989,989,file
1291,12.962,34506,1935,1935,video
224,20.414,55412,10001,10001,voip
1175,4.032,17518,21,21,file
1354,40.485,1925,443,443,video
1497,5.728,20579,8080,8080,file
1013,62.292,57402,8554,8554,video
760,136.435,53036,8443,8443,web
1486,6.181,21877,990,990,file
775,43.814,55884,8080,8080,web
557,439.508,40793,443,443,web
170,12.048,16304,8080,8080,voip
636,34.917,14214,8080,8080,web
1500,52.605,21877,8443,8443,video
174,15.618,8752,10000,8752,voip
1500,4.948,12376,989,989,file
659,123.881,25450,8080,8080,web
311,369.708,15645,8080,8080,web
1500,6.976,62629,443,443,file
1348,8.044,21615,443,443,file
352,566.43,6624,8080,6624,web
1414,34.013,53080,1935,1935,video
278,8.393,41058,10002,10002,voip
1500,23.517,39918,8080,8080,video
1078,14.465,29185,5004,5004,video
1112,31.016,57301,1935,1935,video
1297,29.099,21981,443,443,video
748,219.477,57970,8080,8080,web
1032,12.127,45472,5004,5004,video
485,344.32,30607,8443,8443,web
1235,18.011,14084,5005,5005,video
1064,1.768,1870,20,20,file
1306,4.95,52181,8443,8443,file
1061,486.389,3285,443,443,web
1500,0.554,22661,8080,8080,file
203,10.825,28698,10002,10002,voip
841,81.475,52478,8443,8443,web
1267,109.082,60708,443,443,web
688,322.296,15724,8443,8443,web
736,394.793,32903,443,443,web
1084,26.188,54277,5004,5004,video
1369,7.06,11580,990,990,file
126,22.24,47153,5061,5061,voip
107,32.458,47334,8443,8443,voip
1451,61.075,50914,8080,8080,video
694,59.483,58584,8443,8443,web
208,21.555,42872,5060,5060,voip
1137,58.398,8678,1935,1935,video
1500,5.72,3297,8081,3297,file
1068,269.207,15082,80,80,web
1500,2.383,35048,8443,8443,file
983,1000.0,51233,8443,8443,web
1185,1.418,20690,990,990,file
388,539.789,52735,8443,8443,web
184,13.907,29059,5061,5061,voip
239,19.541,4764,5061,4764,voip
1327,4.545,48622,20,20,file
495,39.549,52994,8443,8443,video
186,460.929,26522,80,80,web
994,10.833,49896,990,990,file
1096,37.411,30534,8443,8443,video
755,109.908,58088,8554,8554,video
655,306.454,27405,443,443,web
1023,5.472,6970,8080,6970,file
225,191.839,29760,80,80,web
60,9.179,10452,10000,10000,voip
1297,2.328,1283,443,443,file
242,311.641,22883,8080,8080,web
270,107.667,11565,443,443,web
1290,30.848,19834,1935,1935,video
908,1.122,16614,990,990,file
634,74.068,3292,8443,3292,web
962,18.784,26772,5004,5004,video
1291,9.095,3135,989,989,file
1409,117.556,36561,1935,1935,video
1127,94.382,13992,8443,8443,web
760,323.604,61670,8443,8443,web
1500,3.852,24835,990,990,file
1328,1.824,62568,990,990,file
237,316.53,64515,8080,8080,web
1500,2.253,36728,443,443,file
726,351.069,27471,8080,8080,web
206,176.847,30088,8080,8080,web
243,30.677,33259,443,443,voip
220,17.804,29950,8080,8080,voip
1293,16.983,61206,5005,5005,video
117,22.075,42007,10000,10000,voip
399,298.779,13610,8080,8080,web
459,103.407,61223,8443,8443,web
399,128.78,23472,8080,8080,web
1113,5.793,59754,989,989,file
198,24.451,28052,10001,10001,voip
166,28.945,54948,8080,8080,voip
1238,2.174,9551,8080,8080,file
677,516.726,27411,443,443,web
60,23.929,35305,10000,10000,voip
196,10.92,25675,10001,10001,voip
379,124.57,54158,80,80,web
1419,5.365,15831,443,443,file
167,20.224,64522,5061,5061,voip
103,21.491,31408,10001,10001,voip
130,27.608,9667,10002,9667,voip
191,6.658,29918,8080,8080,voip
459,634.502,22279,8443,8443,web
397,186.472,64492,8080,8080,web
1341,1.283,23281,8080,8080,file
1138,13.291,8499,8554,8499,video
1062,6.245,41457,20,20,file
873,30.429,34926,5005,5005,video
1270,9.584,11763,989,989,file
982,176.869,40485,5005,5005,video
1428,6.632,58172,990,990,file
609,258.38,1924,8443,1924,web
1305,24.426,58378,5005,5005,video
695,243.798,37731,8443,8443,web
893,10.74,41628,8554,8554,video
1210,38.94,63739,1935,1935,video
1327,8.436,55790,990,990,file
1112,35.229,63681,5005,5005,video
419,211.477,58020,443,443,web
196,24.828,7768,10000,7768,voip
143,8.676,13805,10002,10002,voip
147,20.353,41040,5060,5060,voip
940,45.198,2654,8443,2654,video
650,461.577,34216,80,80,web
724,322.979,21017,80,80,web
1396,23.067,15743,990,990,file
1253,2.193,4781,8443,4781,file
287,451.796,59357,8443,8443,web
710,373.763,13744,80,80,web
187,130.203,39738,8080,8080,web
1016,34.212,5155,5004,5004,video
1109,10.851,54701,8554,8554,video
180,8.337,49838,8080,8080,voip
146,12.897,16760,5061,5061,voip
823,21.217,26360,8080,8080,video
356,775.678,54859,8080,8080,web
1500,5.25,25570,8080,8080,file
1375,27.364,14859,5004,5004,video
1268,2.721,38416,989,989,file
1499,59.673,34727,5004,5004,video
1091,40.166,47131,8554,8554,video
811,442.828,13818,80,80,web
956,15.99,27430,443,443,file
970,212.031,7262,8080,7262,web
224,20.696,34113,8080,8080,voip
1275,31.661,47456,1935,1935,video
1256,1.174,56736,443,443,file
181,19.096,61585,8080,8080,voip
165,375.611,54302,80,80,web
1357,21.538,41958,443,443,video
499,236.135,56039,8443,8443,web
906,25.739,2111,8080,2111,video
1363,6.174,29783,8081,8081,file
1284,2.05,21176,8081,8081,file
1500,5.716,9690,8443,8443,file
1500,5.733,8063,20,20,file
216,21.013,34819,5060,5060,voip
1186,42.368,63122,8554,8554,video
1496,0.892,49359,989,989,file
999,216.459,61126,8443,8443,web
246,10.063,23943,10001,10001,voip
289,18.935,19224,8443,8443,voip
203,15.475,14997,10000,10000,voip
934,18.399,14615,20,20,file
434,409.317,14101,443,443,web
1500,4.781,37529,8081,8081,file
1500,24.665,44400,1935,1935,video
1290,7.503,26572,989,989,file
120,39.939,30222,443,443,voip
154,23.258,57398,5061,5061,voip
1358,25.095,36019,5004,5004,video
959,22.231,51122,5005,5005,video
807,227.93,13613,8080,8080,web
60,15.906,28377,10000,10000,voip
108,8.334,24947,5060,5060,voip
179,22.873,15734,8080,8080,voip
1499,7.305,38285,989,989,file
631,226.866,12972,8080,8080,web
1046,46.928,43206,8080,8080,video
276,122.693,10902,8443,8443,web
1463,2.41,50969,8080,8080,file
281,24.109,4897,8443,4897,voip
605,337.554,60567,8080,8080,web
1443,1.196,57846,8443,8443,file
761,110.386,17980,8080,8080,web
175,20.471,56942,8080,8080,voip
1500,21.799,43968,20,20,file
1482,33.435,1128,8080,1128,video
964,59.507,37922,443,443,web
1378,7.567,53843,20,20,file
1013,44.555,36818,5005,5005,video
246,20.77,5540,5061,5061,voip
1286,0.706,55361,8443,8443,file
247,11.964,6131,5060,5060,voip
213,23.723,45048,10000,10000,voip
182,20.633,8861,5061,5061,voip
728,7.962,53220,1935,1935,video
271,18.889,22458,5061,5061,voip
1500,29.968,50939,5005,5005,video
201,13.88,14030,8443,8443,voip
1262,4.117,54586,8443,8443,file
182,8.844,35382,10002,10002,voip
256,533.37,56563,8080,8080,web
1275,8.392,6876,20,20,file
395,20.942,60466,443,443,voip
1179,41.512,37120,8554,8554,video
851,2.031,21484,989,989,file
1086,35.102,48127,8080,8080,video
231,16.233,6913,443,443,voip
1434,2.312,13926,990,990,file
1250,4.4,53895,443,443,file
434,250.367,36203,8443,8443,web
187,21.773,59020,10002,10002,voip
117,11.885,50159,443,443,voip
1180,5.311,30828,8081,8081,file
763,124.344,24844,80,80,web
180,19.328,30897,443,443,voip
1500,5.872,36946,443,443,file
1048,5.154,4252,8080,4252,file
109,17.86,57274,5061,5061,voip
1320,25.968,24416,5005,5005,video
1307,2.641,62095,443,443,file
162,6.642,17842,5061,5061,voip
1069,0.315,30980,989,989,file
311,243.543,44331,8080,8080,web
1052,216.511,31592,8443,8443,web
168,23.198,11260,5060,5060,voip
81,1000.0,21939,80,80,web
1426,6.768,35301,8443,8443,file
125,27.154,38751,10000,10000,voip
274,26.334,58208,8443,8443,voip
1500,7.717,30847,8443,8443,file
678,653.707,25841,8443,8443,web
1122,0.809,49333,8081,8081,file
702,106.117,45192,443,443,web
1286,0.294,15831,8443,8443,file
152,18.426,37016,8443,8443,voip
1500,13.629,35395,8081,8081,file
1440,27.6,11667,8554,8554,video
1311,3.691,4773,8081,4773,file
92,9.215,15661,8080,8080,voip
1041,57.547,15203,8554,8554,video
655,62.431,33536,8080,8080,web
477,151.913,50400,8443,8443,web
806,50.53,14686,443,443,web
700,563.346,32164,8443,8443,web
778,301.215,32889,443,443,web
1339,58.38,47219,8443,8443,video
226,200.311,26222,8443,8443,web
1209,43.226,16396,8443,8443,video
269,64.079,30982,8080,8080,voip
1218,21.546,19392,8080,8080,video
1459,5.593,25530,20,20,file
188,24.593,64355,10001,10001,voip
331,203.773,44666,8080,8080,web
1345,2.254,57323,989,989,file
1500,7.94,12144,20,20,file
156,10.807,5090,5061,5061,voip
1035,30.491,59279,5005,5005,video
1362,19.126,26260,8080,8080,video
1170,43.903,38378,8443,8443,video
1126,8.153,53422,8080,8080,file
80,37.503,39227,5060,5060,voip
1127,14.026,13580,8554,8554,video
130,18.274,18323,8080,8080,voip
697,215.284,15352,8443,8443,web
1436,42.648,21940,8554,8554,video
1158,40.376,60972,8443,8443,video
1380,23.233,21928,8554,8554,video
1310,38.437,8373,8080,8080,video
1265,6.922,55575,21,21,file
720,280.098,2458,8443,2458,web
139,18.696,1035,10001,1035,voip
1016,659.164,42387,443,443,web
479,31.975,34351,8080,8080,voip
1226,469.855,58485,80,80,web
916,149.051,11576,8080,8080,web
155,28.874,41030,5061,5061,voip
1018,2.296,53639,8443,8443,file
488,97.352,13932,8443,8443,web
165,14.507,16361,443,443,voip
221,9.717,18945,443,443,voip
694,60.804,59179,8080,8080,web
1426,3.08,60519,21,21,file
158,19.115,50295,5061,5061,voip
1151,2.83,1847,8080,1847,file
1138,81.281,19691,443,443,video
614,49.106,6311,8080,6311,web
1448,4.537,16477,989,989,file
148,16.806,62500,8443,8443,voip
1042,1.91,4984,443,443,file
704,29.818,58702,8443,8443,web
1500,4.584,21153,443,443,file
83,65.941,45046,10002,10002,voip
1142,18.724,23422,1935,1935,video
1205,19.706,24260,8443,8443,video
1190,15.964,34402,1935,1935,video
1448,23.111,19913,8554,8554,video
1118,137.459,46002,443,443,web
1195,45.129,37935,8554,8554,video
194,12.4,27345,10002,10002,voip
1223,314.301,61687,443,443,web
1500,3.098,39106,990,990,file
106,18.097,20129,5060,5060,voip
255,10.376,60346,10002,10002,voip
665,409.232,58272,8080,8080,web
128,21.31,26975,8443,8443,voip
1412,2.169,2212,443,443,file
1500,31.839,14170,5005,5005,video
397,33.294,13571,8443,8443,web
1497,2.631,45664,989,989,file
1373,8.828,40227,989,989,file
229,126.349,6548,443,443,web
247,409.177,13549,443,443,web
1078,44.178,45647,5004,5004,video
73,59.168,45952,8080,8080,voip
1472,49.018,51503,8554,8554,video
1283,20.199,45971,1935,1935,video
123,13.207,61983,443,443,voip
154,8.858,35457,5060,5060,voip
756,426.746,57946,8443,8443,web
1324,4.672,35269,21,21,file
142,12.405,16178,5061,5061,voip
1241,26.39,56263,1935,1935,video
1036,48.723,2116,5005,2116,video
1310,1.164,49535,8081,8081,file
1346,35.102,41998,8554,8554,video
1119,40.689,3624,1935,1935,video
1500,35.576,2460,5004,2460,video
990,1000.0,24529,8443,8443,web
1084,0.812,48665,8081,8081,file
1410,11.587,4545,989,989,file
393,28.088,28000,8443,8443,voip
195,15.749,44532,10000,10000,voip
1102,17.267,30475,5005,5005,video
104,79.761,50222,8443,8443,voip
1094,31.383,57178,8080,8080,video
60,28.657,55776,5060,5060,voip
1438,98.34,45518,443,443,video
1175,35.569,29101,443,443,video
1488,4.876,27686,990,990,file
238,121.369,26394,443,443,web
1109,57.472,53084,443,443,video
1219,64.877,12898,1935,1935,video
1337,35.143,61068,5004,5004,video
1131,28.525,48477,8554,8554,video
185,14.691,6281,5061,5061,voip
240,24.659,7554,5060,5060,voip
963,225.469,63519,80,80,web
1320,36.842,60116,1935,1935,video
599,852.869,45390,443,443,web
736,221.147,14548,443,443,web
1180,6.02,6174,8080,6174,file
1041,21.186,61360,8554,8554,video
707,476.726,7313,80,80,web
206,492.092,51099,8443,8443,web
862,231.616,36164,80,80,web
832,322.954,55260,80,80,web
1340,26.07,54659,8443,8443,video
207,10.157,24951,8080,8080,voip
1500,8.001,47168,443,443,file
204,25.658,20454,8080,8080,voip
839,9.168,33206,443,443,video
1447,31.292,47208,5005,5005,video
1357,4.151,28028,8081,8081,file
996,16.387,7994,8080,7994,video
1196,36.264,32887,8554,8554,video
1469,38.267,56685,8554,8554,video
227,22.678,26853,10002,10002,voip
183,18.186,22844,5060,5060,voip
201,24.726,5744,443,443,voip
1500,6.781,34248,8080,8080,file
1320,7.934,38763,989,989,file
741,335.729,56378,8080,8080,web
819,66.735,9984,1935,1935,video
1297,32.001,17371,1935,1935,video
1158,9.507,4277,443,443,file
1164,14.084,2834,443,443,video
566,133.531,13524,8443,8443,web
750,267.146,24896,80,80,web
1187,5.058,37582,990,990,file
1486,2.87,42887,989,989,file
154,10.196,8119,8080,8080,voip
1500,4.7,28945,8081,8081,file
1383,2.737,48046,8080,8080,file
268,65.18,57524,443,443,web
127,8.89,43876,443,443,voip
1500,30.624,34068,5005,5005,video
145,10.706,43266,8443,8443,voip
907,180.732,51440,443,443,web
221,23.476,16230,10001,10001,voip
1046,10.461,26389,5004,5004,video
143,12.6,41952,5061,5061,voip
280,435.172,7682,8443,7682,web
976,18.724,35728,8554,8554,video
1315,29.253,22818,1935,1935,video
1426,59.345,36010,443,443,video
1253,3.442,59395,8443,8443,file
60,12.07,39055,10002,10002,voip
1165,22.612,1176,8443,1176,video
139,14.034,35001,5060,5060,voip
993,249.152,33865,8443,8443,web
891,377.332,6137,8080,6137,web
263,20.896,2678,10000,2678,voip
1262,25.755,49397,8080,8080,video
1350,2.447,39184,21,21,file
120,31.493,35280,10002,10002,voip
216,156.517,52314,8080,8080,web
1500,26.431,12567,8443,8443,video
1500,2.594,39937,990,990,file
183,10.848,36238,5060,5060,voip
1436,38.922,21895,8080,8080,video
220,11.021,46182,443,443,voip
1176,7.415,61690,989,989,file
1500,9.821,27528,989,989,file
194,25.131,5456,443,443,voip
204,13.12,63412,10000,10000,voip
1258,73.883,36595,8443,8443,video
1296,2.848,29822,21,21,file
408,68.069,54377,5060,5060,voip
218,21.656,1085,10001,1085,voip
167,18.04,29818,10000,10000,voip
1357,19.835,42985,8081,8081,file
966,17.223,48153,443,443,video
1441,7.2,62531,8080,8080,file
1374,91.965,15094,443,443,video
1143,6.898,10460,443,443,file
187,37.562,1184,5060,1184,voip
1100,6.864,15366,8081,8081,file
1338,31.621,32747,443,443,video
1500,2.1,10295,8080,8080,file
153,14.244,40696,5061,5061,voip
175,16.364,37999,10000,10000,voip
1173,31.295,48340,8554,8554,video
1500,7.557,16310,20,20,file
1500,9.258,5134,20,20,file
1500,4.732,62233,20,20,file
1316,12.346,58703,8554,8554,video
299,277.243,20055,443,443,web
1500,28.859,49073,1935,1935,video
154,16.036,37739,443,443,voip
1040,3.917,57341,8443,8443,file
1500,10.352,47461,8081,8081,file
1180,17.269,48763,5005,5005,video
491,388.162,34185,80,80,web
919,398.101,56994,80,80,web
364,398.246,22553,8080,8080,web
834,283.406,21073,443,443,web
1294,8.803,32733,8443,8443,file
1266,2.135,32597,443,443,file
1278,0.903,64267,989,989,file
1045,52.122,29631,1935,1935,video
1271,57.784,28553,1935,1935,video
144,18.099,25323,443,443,voip
1007,88.491,48539,5004,5004,video
248,10.364,3812,8080,3812,voip
185,9.262,63641,5060,5060,voip
967,237.436,63798,8080,8080,web
1021,34.15,28904,5005,5005,video
828,40.202,32663,8443,8443,video
1500,56.188,55796,443,443,video
235,19.045,20230,10000,10000,voip
1464,5.078,40825,8081,8081,file
957,35.421,39374,8554,8554,video
846,24.049,22212,80,80,web
201,10.2,49798,5061,5061,voip
1222,23.093,14509,1935,1935,video
1500,20.778,46536,8554,8554,video
179,16.479,21452,10002,10002,voip
1500,4.758,9851,989,989,file
138,18.298,9009,10002,9009,voip
1227,2.61,32989,8081,8081,file
1044,31.946,3624,8080,3624,video
242,469.248,18896,8080,8080,web
419,319.278,46967,8080,8080,web
1008,5.404,62396,443,443,file
1363,19.873,4818,5004,4818,video
188,17.524,4895,8443,4895,voip
1408,37.935,17947,8443,8443,video
1201,23.335,62679,5005,5005,video
431,181.965,3044,443,443,web
209,5.371,58975,10001,10001,voip
227,561.544,55756,80,80,web
1399,17.936,25156,8443,8443,video
131,32.377,10704,5060,5060,voip
1040,39.139,6779,8443,6779,video
1142,19.816,12538,8080,8080,video
1452,23.164,59959,8080,8080,video
165,5.409,22976,5060,5060,voip
288,290.486,15076,443,443,web
212,10.911,3981,10001,3981,voip
229,349.936,8569,8080,8080,web
1310,34.246,27889,8080,8080,video
118,13.261,38039,10002,10002,voip
1337,14.337,20557,989,989,file
281,368.402,47950,80,80,web
1471,156.638,43810,8080,8080,video
170,22.092,34931,443,443,voip
239,164.788,22426,8443,8443,web
1500,3.084,14376,989,989,file
1477,33.269,3882,443,443,video
1179,17.589,45882,5005,5005,video
1295,17.668,47158,5004,5004,video
700,511.583,33425,8080,8080,web
1118,32.222,32662,5004,5004,video
1182,37.928,39205,443,443,video
1499,0.887,62974,8080,8080,file
1500,4.539,44635,8081,8081,file
556,183.689,35076,8443,8443,web
483,250.56,55602,80,80,web
761,445.748,11017,8080,8080,web
512,147.87,59299,443,443,web
1176,114.832,43523,443,443,web
1461,3.319,13106,20,20,file
1433,3.519,42075,443,443,file
1341,3.974,32192,443,443,file
216,34.221,52305,10000,10000,voip
1500,135.18,10913,443,443,web
956,38.475,46003,8443,8443,video
1487,4.094,51519,21,21,file
1500,5.217,51997,8081,8081,file
875,27.539,25281,8080,8080,video
1297,5.488,16519,21,21,file
949,523.221,51133,443,443,web
1150,6.166,26802,8080,8080,file
178,23.327,3229,5061,3229,voip
1388,3.044,34795,8443,8443,file
1101,271.052,14978,443,443,web
1247,16.659,30377,5004,5004,video
1212,33.362,18754,8080,8080,video
120,12.869,43333,5061,5061,voip
310,508.792,10704,8443,8443,web
1137,24.703,17106,5004,5004,video
1042,67.233,35706,5005,5005,video
1039,391.178,44008,8080,8080,web
439,66.112,27705,443,443,web
1039,64.342,8984,5004,5004,video
1185,134.303,13871,8443,8443,web
659,291.162,55562,8080,8080,web
795,329.051,11005,443,443,web
828,426.968,2620,8080,2620,web
1500,33.296,12300,8554,8554,video
106,13.303,24530,8443,8443,voip
1218,2.642,22404,21,21,file
1029,23.327,27866,443,443,video
1076,25.255,32352,5005,5005,video
994,40.412,6400,1935,1935,video
1204,137.349,2125,8080,2125,video
985,35.392,1573,5005,1573,video
1452,2.466,30585,443,443,file
1500,20.038,16150,5005,5005,video
761,291.031,12148,8080,8080,web
241,30.275,30963,5060,5060,voip
816,209.534,59271,8443,8443,web
215,8.736,13465,8443,8443,voip
632,176.3,63898,8080,8080,web
747,213.932,20432,8443,8443,web
690,267.192,23976,8080,8080,web
60,42.589,6235,10000,6235,voip
1428,3.509,5051,990,990,file
653,330.707,2449,8443,2449,web
796,68.327,30625,8554,8554,video
912,103.34,24040,8080,8080,web
1110,45.674,34725,5004,5004,video
1182,39.774,63681,443,443,video
173,12.222,17541,8080,8080,voip
1182,26.588,32334,8443,8443,video
299,900.958,63354,80,80,web
251,17.674,41733,10001,10001,voip
1500,5.709,21108,8081,8081,file
1290,10.389,56776,8554,8554,video
296,145.536,58912,80,80,web
1331,6.978,11810,8080,8080,file
181,25.121,16068,10001,10001,voip
1299,60.281,23040,8554,8554,video
180,15.223,37595,443,443,voip
579,424.87,47380,8443,8443,web
1131,22.126,26354,5004,5004,video
1262,5.089,25775,8081,8081,file
1500,43.945,31480,8443,8443,video
154,14.698,57383,5061,5061,voip
266,12.15,14341,443,443,voip
1059,11.363,16162,20,20,file
1500,11.114,18120,8081,8081,file
107,28.629,28396,443,443,voip
179,26.86,26748,5060,5060,voip
1411,5.883,45643,990,990,file
623,319.997,24868,8080,8080,web
274,28.84,24807,5060,5060,voip
1382,32.429,18014,5005,5005,video
856,490.644,2936,8080,2936,web
199,16.081,26647,5061,5061,voip
169,22.059,47105,443,443,voip
1313,65.323,33745,8554,8554,video
177,12.388,2030,443,443,voip
1331,29.426,18103,8443,8443,video
1323,1.301,13708,8080,8080,file
135,31.725,59607,8443,8443,voip
852,299.958,24808,443,443,web
473,304.192,13108,8080,8080,web
754,450.848,11917,8443,8443,web
1500,26.582,12359,443,443,video
654,220.226,21387,8443,8443,web
905,24.698,20618,8443,8443,video
158,17.696,34922,10000,10000,voip
1210,3.508,36453,990,990,file
370,2.234,45632,10000,10000,voip
380,574.9,43990,8080,8080,web
1184,4.018,58174,8081,8081,file
331,36.183,16292,8443,8443,web
208,291.781,62976,8080,8080,web
263,12.872,28377,8080,8080,voip
1500,2.25,32390,21,21,file
1200,7.734,15293,8081,8081,file
1468,28.124,46855,8554,8554,video
1007,17.58,14608,8554,8554,video
1423,40.808,12240,8554,8554,video
158,24.562,56742,5061,5061,voip
1261,38.07,24082,5004,5004,video
863,14.44,51349,8081,8081,file
997,19.054,17689,1935,1935,video
231,10.481,45466,10001,10001,voip
1500,3.744,62840,990,990,file
854,9.6,53007,990,990,file
147,33.831,39152,443,443,voip
205,18.075,22128,10002,10002,voip
1373,3.893,17727,989,989,file
1500,12.765,29415,990,990,file
60,62.66,1039,443,443,voip
80,885.046,23083,8080,8080,web
1500,21.423,56176,8443,8443,video
1372,2.045,18475,21,21,file
1105,24.916,36816,5005,5005,video
1500,37.336,60826,5005,5005,video
1294,37.67,57015,1935,1935,video
1105,42.375,6947,5004,5004,video
1225,4.16,54014,989,989,file
449,24.439,44955,443,443,voip
1500,5.558,13316,21,21,file
913,281.509,40286,443,443,web
478,116.004,61678,443,443,web
1296,13.261,33597,990,990,file
1327,2.426,5895,989,989,file
1317,18.801,23177,5005,5005,video
1421,25.912,31808,8443,8443,video
614,468.621,5325,443,443,web
1341,6.681,3229,8443,3229,file
577,373.617,14071,443,443,web
226,15.279,25428,10002,10002,voip
938,323.422,55599,8080,8080,web
1123,235.412,54294,8443,8443,web
1308,1.861,48920,8081,8081,file
123,10.75,63702,5061,5061,voip
158,20.868,37249,5060,5060,voip
1429,37.372,35296,443,443,video
1500,9.034,8702,21,21,file
203,11.326,44446,443,443,voip
194,16.023,21719,8443,8443,voip
347,9.291,51917,5060,5060,voip
1179,2.69,1206,990,990,file
878,215.091,42286,8443,8443,web
1110,6.304,62846,990,990,file
1480,19.513,51710,1935,1935,video
1021,22.187,44978,5004,5004,video
1327,3.921,23065,8080,8080,file
186,13.515,4560,5060,4560,voip
1032,27.283,18408,443,443,video
179,30.067,45142,10002,10002,voip
1065,43.999,49764,5005,5005,video
1229,47.843,33020,8443,8443,video
87,11.451,3732,5060,3732,voip
923,4.489,10086,443,443,file
236,42.617,60207,8443,8443,voip
272,22.99,19317,443,443,voip
919,75.204,3712,8443,3712,web
1362,1.537,16684,8080,8080,file
149,12.941,7621,10000,7621,voip
754,90.84,29910,8443,8443,web
1416,9.685,54736,21,21,file
925,44.805,52439,8443,8443,video
961,42.887,26798,8080,8080,video
848,173.463,1601,80,80,web
761,132.698,2867,8443,2867,web
1228,22.784,3337,443,443,video
1178,69.156,39463,8554,8554,video
275,358.487,6542,8080,6542,web
959,218.309,40005,8080,8080,web
1089,30.51,26054,8443,8443,video
212,20.215,45131,10001,10001,voip
911,186.005,4265,8443,4265,web
1162,32.545,17841,8443,8443,video
1406,11.414,32945,443,443,file
475,105.237,21371,8080,8080,web
1500,1.956,27726,443,443,file
238,23.166,50318,10001,10001,voip
193,8.35,3963,10002,3963,voip
1067,14.238,59286,5005,5005,video
932,24.824,39124,8080,8080,video
140,20.625,44112,10000,10000,voip
1301,7.056,45220,443,443,file
143,20.659,35774,10001,10001,voip
180,11.153,10335,10001,10001,voip
223,32.534,31005,10001,10001,voip
1333,376.71,20790,80,80,web
146,30.982,15314,8080,8080,voip
228,17.598,26572,10002,10002,voip
1058,280.919,7766,8443,7766,web
1486,5.323,50906,8081,8081,file
1325,6.815,49403,21,21,file
245,31.62,28062,8080,8080,voip
1037,41.464,44537,8443,8443,video
1224,6.015,8972,21,21,file
1215,46.591,51353,8554,8554,video
1340,2.498,14479,8081,8081,file
1500,5.262,12112,21,21,file
1370,29.402,5525,443,443,video
766,74.662,59830,8080,8080,web
1500,146.425,22150,443,443,video
176,23.429,47318,8080,8080,voip
1271,1.816,57353,443,443,file
1419,3.233,21570,989,989,file
1397,2.295,50623,989,989,file
677,246.645,62213,443,443,web
1018,552.735,56751,8080,8080,web
1461,4.476,47189,8080,8080,file
1495,55.566,31937,8080,8080,video
1374,16.907,22257,443,443,video
1082,1.22,2761,8443,2761,file
151,14.012,44448,443,443,voip
1479,2.849,55450,989,989,file
1241,25.73,29375,5005,5005,video
1118,2.181,46132,20,20,file
293,445.621,31072,8080,8080,web
1173,20.753,57852,443,443,video
809,85.587,62800,8443,8443,web
200,21.004,17934,10002,10002,voip
1097,48.731,2550,8443,2550,video
1500,6.275,3931,443,443,file
915,74.855,10912,443,443,video
1360,7.299,36254,20,20,file
223,25.91,23976,8443,8443,voip
1226,23.392,45605,1935,1935,video
227,11.073,30384,8443,8443,voip
1011,27.843,39318,8443,8443,video
1328,12.368,56260,20,20,file
363,79.916,12187,8443,8443,web
96,25.497,35243,10001,10001,voip
1182,3.228,7574,990,990,file
1048,291.435,60699,8080,8080,web
1070,32.192,63678,8443,8443,video
148,25.418,53654,10000,10000,voip
1500,16.805,60840,8080,8080,video
1189,1.81,36700,20,20,file
191,27.182,29009,10001,10001,voip
1288,3.691,42020,8080,8080,file
963,36.915,64156,1935,1935,video
155,26.743,7588,8080,7588,voip
667,136.307,24842,8080,8080,web
1089,632.983,62342,8080,8080,web
1225,23.633,28801,5005,5005,video
245,26.589,2238,8443,2238,voip
126,15.386,61742,10001,10001,voip
373,28.186,33763,8080,8080,web
1321,10.849,42389,8080,8080,video
205,9.609,59152,10001,10001,voip
97,8.845,55890,10002,10002,voip
60,1000.0,22132,80,80,web
1206,31.47,55452,8443,8443,video
225,11.933,56111,10002,10002,voip
1273,54.004,42720,8554,8554,video
422,280.007,36242,443,443,web
160,15.281,63065,8080,8080,voip
118,13.285,21536,5061,5061,voip
156,24.59,14751,443,443,voip
565,75.572,20941,8443,8443,web
741,124.77,37682,8443,8443,web
1316,5.509,41308,989,989,file
129,20.822,31724,8443,8443,voip
1219,52.025,56374,8554,8554,video
1349,11.368,8675,20,20,file
672,194.639,27260,8080,8080,web
168,26.501,60369,10001,10001,voip
253,9.889,21625,443,443,voip
205,19.421,34320,443,443,voip
60,27.523,60685,5060,5060,voip
245,16.664,63699,10002,10002,voip
1409,36.875,10148,8443,8443,video
1395,8.201,56986,443,443,file
160,19.49,18410,10000,10000,voip
645,365.915,4398,443,443,web
151,13.697,36648,443,443,voip
219,271.752,2294,8443,2294,web
489,552.709,11272,8080,8080,web
1162,43.24,2805,8554,2805,video
148,13.184,10814,443,443,voip
130,12.983,21414,8080,8080,voip
1493,24.97,55086,8443,8443,video
326,103.351,25873,8080,8080,web
1184,33.943,48393,1935,1935,video
974,1.732,55064,8080,8080,file
1398,5.267,46948,990,990,file
137,33.961,57437,5061,5061,voip
1063,16.495,50852,5004,5004,video
1437,1.55,39151,8080,8080,file
60,10.53,13964,8080,8080,voip
1190,2.917,30778,8443,8443,file
1121,5.051,43518,8443,8443,file
139,6.422,29858,10002,10002,voip
989,4.558,7925,8443,7925,file
1170,29.937,49356,5004,5004,video
1419,6.09,23883,21,21,file
323,51.521,51915,8080,8080,voip
240,115.171,43066,8443,8443,web
1046,37.03,54041,5004,5004,video
1164,3.769,50271,990,990,file
981,134.485,40569,443,443,web
260,26.874,35100,5061,5061,voip
192,23.454,14950,10002,10002,voip
246,21.166,52665,5061,5061,voip
142,22.151,54735,5060,5060,voip
1383,77.77,36952,5004,5004,video
376,147.141,13494,8443,8443,web
1212,5.411,52835,443,443,file
1500,25.184,50306,5004,5004,video
945,225.996,2487,80,80,web
965,161.977,46897,8443,8443,web
1166,40.259,41107,443,443,video
1222,13.229,28117,989,989,file
611,92.483,32553,80,80,web
131,9.395,4467,10000,4467,voip
535,201.856,59693,8080,8080,web
1027,208.878,15220,8443,8443,web
857,127.132,55494,8080,8080,web
1348,65.745,3935,5004,3935,video
1051,31.052,17647,8554,8554,video
165,51.502,39370,443,443,voip
1500,2.541,64514,21,21,file
1399,3.515,33031,989,989,file
1179,3.241,33230,20,20,file
1078,6.033,53460,443,443,file
131,25.189,64098,443,443,voip
999,4.053,43119,8081,8081,file
128,15.89,52690,10002,10002,voip
237,27.552,5751,5060,5060,voip
1031,44.356,17579,8443,8443,video
957,3.85,55932,989,989,file
195,6.577,11776,5061,5061,voip
192,11.758,46968,10002,10002,voip
1384,48.258,5522,443,443,video
158,13.373,57986,10002,10002,voip
1371,1.872,62772,990,990,file
1122,5.399,40677,8443,8443,file
286,463.981,52877,8080,8080,web
1500,2.43,62583,21,21,file
1102,3.769,25893,8081,8081,file
1457,35.764,5669,5004,5004,video
1167,37.638,30137,443,443,video
1500,6.785,3699,8443,3699,file
161,10.575,47840,10002,10002,voip
230,23.688,46450,443,443,voip
1437,5.265,29985,21,21,file
817,609.877,7645,443,443,web
1077,1.836,3774,21,21,file
1484,2.768,60402,989,989,file
152,23.35,3259,5060,3259,voip
192,179.677,29500,80,80,web
1203,5.08,29424,8443,8443,file
157,25.769,16539,443,443,voip
183,10.279,3152,10000,3152,voip
151,11.345,14005,10001,10001,voip
1282,3.592,30477,20,20,file
163,398.521,49933,8080,8080,web
1034,21.122,37087,8443,8443,video
803,289.464,22620,8443,8443,web
135,15.062,48238,443,443,voip
219,8.633,29943,443,443,voip
744,42.595,32203,80,80,web
1112,3.723,33095,8081,8081,file
204,12.146,56053,10001,10001,voip
573,151.467,13473,443,443,web
407,379.414,33145,443,443,web
1500,5.804,11455,8080,8080,file
1284,4.404,2678,8081,2678,file
471,276.29,7261,8443,7261,web
314,60.429,21904,8080,8080,web
1240,1000.0,36097,80,80,web
662,1000.0,59386,8443,8443,web
1412,32.874,13482,5004,5004,video
124,16.747,19689,5061,5061,voip
1500,4.627,56276,990,990,file
281,10.845,62950,5061,5061,voip
1026,295.893,40992,8443,8443,web
363,96.287,4034,443,443,web
1356,14.582,61299,8443,8443,file
172,10.093,29920,5060,5060,voip
1325,4.149,25011,8443,8443,file
976,295.805,13952,80,80,web
397,31.25,18725,5060,5060,voip
781,300.03,9390,443,443,web
1108,43.808,7558,5005,5005,video
467,63.651,34618,8080,8080,voip
1045,25.698,44591,8080,8080,video
1061,61.407,40404,5004,5004,video
1372,27.055,37012,5004,5004,video
295,15.862,45853,8443,8443,voip
116,29.059,11473,5060,5060,voip
945,47.471,11144,5005,5005,video
153,16.409,17124,5060,5060,voip
1110,71.743,27160,8080,8080,video
215,9.929,55279,5060,5060,voip
144,28.393,10776,8443,8443,voip
440,178.266,22122,443,443,web
178,4.609,9659,443,443,voip
204,7.63,50262,10000,10000,voip
1500,1.713,45334,20,20,file
185,207.297,10324,8080,8080,web
1072,3.732,29236,8443,8443,file
175,13.58,12868,5060,5060,voip
1241,3.316,13230,8080,8080,file
1348,4.427,57637,8081,8081,file
1489,3.67,14225,443,443,file
1388,11.53,3829,8554,3829,video
1489,40.713,58559,5004,5004,video
227,13.34,1463,443,443,voip
951,129.856,59249,8080,8080,web
1500,32.419,64890,5005,5005,video
313,40.511,20785,10000,10000,voip
846,455.102,58283,8443,8443,web
1011,909.447,17007,443,443,web
148,17.156,49891,8080,8080,voip
145,11.301,16448,10001,10001,voip
1293,37.574,48605,8080,8080,video
631,325.327,39895,8443,8443,web
682,223.098,12812,8443,8443,web
1467,9.531,43277,989,989,file
165,20.499,26391,10000,10000,voip
1015,32.144,33867,1935,1935,video
1493,7.107,5173,21,21,file
1413,33.218,29207,8080,8080,video
647,431.174,35843,80,80,web
686,13.638,60656,1935,1935,video
357,27.083,9785,8443,8443,voip
1084,26.295,42373,1935,1935,video
1476,43.137,6536,1935,1935,video
1343,4.778,59171,8443,8443,file
683,67.426,13570,8080,8080,web
1500,6.715,61704,989,989,file
195,15.527,34450,10002,10002,voip
925,273.231,7498,443,443,web
1397,7.362,48159,990,990,file
1500,6.573,9585,990,990,file
939,24.89,59088,5005,5005,video
202,54.551,36766,8080,8080,voip
141,10.175,49582,10000,10000,voip
1452,42.413,4953,5004,4953,video
1490,7.626,23317,8443,8443,file
978,224.661,9056,8443,8443,web
1239,2.051,17926,8080,8080,file
159,14.927,42842,8080,8080,voip
173,500.119,41028,8443,8443,web
451,186.024,8486,443,443,web
123,5.27,19708,8443,8443,voip
1436,10.818,25075,990,990,file
1225,30.715,23370,443,443,video
260,258.334,57477,8443,8443,web
1156,8.716,57756,990,990,file
1165,47.486,22441,1935,1935,video
386,104.901,11259,8443,8443,web
554,324.15,17096,8443,8443,web
637,165.487,31031,8443,8443,web
1500,6.439,31344,989,989,file
1500,0.888,58010,21,21,file
236,10.948,17182,10001,10001,voip
461,244.851,24313,443,443,web
502,256.644,15914,8443,8443,web
812,724.146,23261,443,443,web
1192,34.185,19789,8554,8554,video
1495,3.142,32117,20,20,file
1179,11.643,31322,21,21,file
262,20.918,22129,8443,8443,voip
353,329.273,10620,8080,8080,web
1481,33.526,30474,8080,8080,video
1306,31.853,12870,8443,8443,video
1391,5.215,40302,8080,8080,file
1460,4.974,17970,443,443,file
1247,5.025,14596,8080,8080,file
1375,4.711,61183,21,21,file
960,2.642,11156,20,20,file
1309,4.354,1664,990,990,file
379,312.631,5787,443,443,web
1203,3.661,50848,989,989,file
1156,7.765,18557,8443,8443,file
748,128.891,56676,8443,8443,web
454,445.347,64128,8443,8443,web
1455,17.458,56998,989,989,file
241,18.816,21518,10002,10002,voip
149,7.638,40461,5060,5060,voip
1070,61.138,23290,5005,5005,video
608,113.299,22599,443,443,web
1500,36.945,51759,1935,1935,video
223,18.956,37661,8080,8080,voip
759,167.778,40585,80,80,web
147,44.931,22437,8080,8080,voip
1072,51.07,15142,443,443,video
1245,4.53,38437,20,20,file
624,415.169,22499,8080,8080,web
1265,13.752,50394,990,990,file
178,13.157,64316,5061,5061,voip
617,164.259,17099,8080,8080,web
1500,5.532,53167,8081,8081,file
1020,5.462,9992,8081,8081,file
161,14.897,8005,5061,5061,voip
1500,2.5,44651,8080,8080,file
160,494.027,29525,443,443,web
121,13.962,1035,10002,1035,voip
966,95.598,16646,443,443,web
908,301.918,1265,8443,1265,web
60,26.614,10549,8443,8443,voip
1478,2.534,47996,989,989,file
906,93.563,52519,443,443,web
1172,6.052,54491,990,990,file
228,7.508,44660,8443,8443,voip
1250,66.754,21451,1935,1935,video
370,935.216,50418,443,443,web
140,34.499,9620,5061,5061,voip
1246,54.131,7725,5004,5004,video
257,370.732,60372,443,443,web
1157,53.207,7963,8554,7963,video
156,7.647,56756,8443,8443,voip
1028,15.57,13610,8443,8443,video
226,116.061,35892,80,80,web
1319,7.555,52640,443,443,file
156,10.485,50556,5060,5060,voip
901,490.063,16285,8443,8443,web
582,133.132,27799,8443,8443,web
664,757.399,45724,8443,8443,web
1101,23.486,36867,443,443,video
1457,4.076,55762,990,990,file
759,413.6,63030,8080,8080,web
1034,7.995,23935,990,990,file
183,22.231,3481,10001,3481,voip
515,550.148,44449,80,80,web
1385,4.71,15857,8080,8080,file
954,28.955,64634,5005,5005,video
1252,2.692,32743,443,443,file
172,8.416,63857,10001,10001,voip
1500,31.051,56914,5004,5004,video
1500,150.404,24549,8443,8443,video
1308,6.134,34755,8080,8080,file
87,12.751,38138,5060,5060,voip
1140,1.662,45536,990,990,file
1318,1.246,35904,989,989,file
1247,19.899,17399,8554,8554,video
167,10.648,46641,5061,5061,voip
205,7.437,62807,5061,5061,voip
500,72.586,52332,8443,8443,web
264,319.28,39954,8443,8443,web
210,12.01,3591,10000,3591,voip
1107,523.153,53969,8080,8080,web
108,16.022,49130,8080,8080,voip
196,12.743,43853,10000,10000,voip
1181,4.15,18535,8443,8443,file
889,127.716,41251,80,80,web
1500,1.121,26627,443,443,file
1472,7.038,50487,443,443,file
1315,13.119,61366,21,21,file
1256,5.347,30995,8081,8081,file
1355,57.722,44102,443,443,video
1199,30.427,18949,8080,8080,video
1193,35.654,10966,8554,8554,video
1262,4.002,3190,21,21,file
1240,45.761,4724,8443,4724,video
1346,14.453,41020,8081,8081,file
1188,2.434,50416,8443,8443,file
902,531.987,1686,443,443,web
136,17.005,7178,10002,7178,voip
162,25.507,40280,10002,10002,voip
901,107.636,13565,8080,8080,video
1265,2.25,32571,8081,8081,file
1196,2.614,4161,990,990,file
958,595.767,41539,8443,8443,web
694,233.674,51869,8443,8443,web
182,18.359,30798,10002,10002,voip
1500,10.53,23660,21,21,file
220,15.638,4899,5060,4899,voip
736,408.38,32745,8080,8080,web
978,253.011,39761,80,80,web
1320,73.402,30953,8554,8554,video
1498,5.762,9415,989,989,file
1036,1.697,50248,990,990,file
559,207.214,64844,80,80,web
1500,93.138,3171,1935,1935,video
982,65.964,43691,1935,1935,video
190,15.711,49413,8080,8080,voip
215,15.89,45763,5060,5060,voip
95,8.147,7956,5061,5061,voip
1020,37.109,49548,5005,5005,video
223,20.51,59708,8080,8080,voip
226,33.979,5122,443,443,voip
191,12.443,44014,8080,8080,voip
930,244.144,3296,8080,3296,web
1500,3.039,21834,8443,8443,file
1270,6.141,24227,20,20,file
287,261.677,28256,443,443,web
1030,295.354,32864,8443,8443,web
971,42.061,17241,5005,5005,video
219,21.334,44150,8080,8080,voip
175,17.917,55367,10000,10000,voip
1296,5.731,13863,989,989,file
1243,2.642,29557,8081,8081,file
226,15.101,13751,8443,8443,voip
601,212.6,35250,8080,8080,web
626,1000.0,30609,8443,8443,web
148,22.217,40593,10002,10002,voip
139,19.006,10584,443,443,voip
1425,3.963,53096,21,21,file
1500,6.962,10427,8081,8081,file
983,139.308,16916,8080,8080,web
1236,10.993,10705,21,21,file
1498,29.175,62815,5004,5004,video
482,430.978,18986,443,443,web
272,123.925,12329,443,443,web
722,221.617,39552,443,443,web
1500,5.056,16738,21,21,file
1233,6.183,50225,8443,8443,file
1252,1.045,15720,990,990,file
1166,37.662,16585,5004,5004,video
1086,496.024,35144,8443,8443,web
1029,16.294,63976,8443,8443,video
1361,5.212,49235,8080,8080,file
1268,27.126,29458,1935,1935,video
1257,1.525,36857,21,21,file
1117,18.751,19911,5005,5005,video
1435,5.386,46951,8081,8081,file
1347,4.097,11953,443,443,file
157,22.753,25325,5061,5061,voip
249,334.387,52001,80,80,web
216,20.934,58285,443,443,voip
190,23.246,29096,10002,10002,voip
1500,49.658,51304,989,989,file
1053,3.685,47754,8080,8080,file
1181,78.336,1846,5005,1846,video
1182,4.918,6928,8080,6928,file
715,433.788,53005,80,80,web
1370,45.771,50344,5004,5004,video
95,12.0,16692,10000,10000,voip
1340,41.721,10711,8554,8554,video
131,26.746,13089,5061,5061,voip
975,19.456,34629,5004,5004,video
1495,1.274,23973,20,20,file
1500,97.097,54873,5005,5005,video
1330,32.156,63545,5005,5005,video
1027,28.372,51440,5004,5004,video
992,16.061,5626,443,443,video
1250,5.476,32061,21,21,file
227,22.956,41956,5060,5060,voip
164,12.022,48764,8443,8443,voip
1074,87.459,58947,8554,8554,video
203,8.148,22044,10000,10000,voip
1389,1.809,61042,21,21,file
1269,71.997,19609,8080,8080,video
772,588.661,4602,8443,4602,web
1215,17.241,15872,5005,5005,video
258,8.651,34375,5061,5061,voip
320,55.432,17257,8443,8443,web
1265,54.357,28424,8554,8554,video
1284,4.698,49296,8443,8443,file
786,381.463,10928,8443,8443,web
1485,34.542,1396,1935,1396,video
1421,106.122,40403,5005,5005,video
206,15.119,4376,8080,4376,voip
1293,30.216,52618,5004,5004,video
1015,203.674,58460,443,443,web
718,55.191,33887,8443,8443,web
1290,3.57,6015,8080,6015,file
879,413.031,12169,8080,8080,web
238,28.015,26884,10002,10002,voip
183,16.556,15883,10002,10002,voip
1187,23.286,32047,5005,5005,video
1419,3.076,30624,8443,8443,file
1373,1.723,52719,8081,8081,file
1264,302.151,63132,8443,8443,web
1202,1.604,43264,8080,8080,file
155,27.321,30889,8443,8443,voip
1500,77.32,20929,8443,8443,video
888,136.401,62344,443,443,web
189,10.935,20164,443,443,voip
81,10.113,17237,5061,5061,voip
528,409.474,56264,8443,8443,web
1354,6.171,50551,8081,8081,file
1038,79.342,40729,8554,8554,video
879,57.903,44420,8554,8554,video
92,10.998,53093,10001,10001,voip
216,28.132,2987,10000,2987,voip
962,31.331,18969,5004,5004,video
498,409.274,60876,8080,8080,web
1066,227.163,53259,8443,8443,web
245,13.769,47193,8443,8443,voip
1312,5.289,55832,989,989,file
142,13.898,62478,10001,10001,voip
124,17.42,39251,10000,10000,voip
161,14.837,38597,10002,10002,voip
153,14.302,43840,443,443,voip
1087,36.203,51454,8443,8443,video
1279,3.157,23554,443,443,file
1190,42.99,48932,8080,8080,video
1318,6.521,10439,20,20,file
461,236.35,5404,80,80,web
1500,2.293,5876,8443,5876,file
633,470.646,38891,8443,8443,web
1314,49.107,56879,8554,8554,video
203,26.659,19883,10000,10000,voip
368,1000.0,39231,80,80,web
468,54.519,54807,8080,8080,web
1390,4.123,2698,8443,2698,file
876,48.33,26878,8554,8554,video
173,22.549,29302,5061,5061,voip
174,20.592,64465,443,443,voip
1500,18.825,31743,21,21,file
664,235.997,17297,443,443,web
957,32.555,30978,5005,5005,video
1300,2.862,63540,20,20,file
213,13.288,9777,5061,5061,voip
1366,5.034,38864,21,21,file
110,15.874,55776,10000,10000,voip
435,138.175,44547,8443,8443,web
785,396.846,46597,8443,8443,web
1072,14.682,47080,8081,8081,file
139,9.412,53117,8443,8443,voip
1500,8.948,59910,21,21,file
1114,4.554,8273,8443,8273,file
920,447.192,34299,443,443,web
1404,1.984,13222,443,443,file
692,548.461,63005,80,80,web
122,34.722,21449,5061,5061,voip
1500,29.177,43908,1935,1935,video
1148,27.017,34773,8554,8554,video
1030,133.328,14815,80,80,web
1337,4.753,1517,20,20,file
242,130.087,19780,8080,8080,web
660,238.247,23208,443,443,web
1149,3.611,63550,20,20,file
126,19.561,28509,10001,10001,voip
864,122.841,39630,8080,8080,web
181,17.774,43394,10001,10001,voip
924,19.442,45079,1935,1935,video
660,259.162,26384,8080,8080,web
1500,7.37,46044,989,989,file
182,11.292,11527,10001,10001,voip
1021,29.215,42763,8554,8554,video
1317,3.038,36153,8443,8443,file
1208,32.207,6728,8554,6728,video
1349,4.563,61492,443,443,file
1017,539.732,19773,80,80,web
1254,16.418,15928,1935,1935,video
199,26.514,21537,10002,10002,voip
1336,5.251,14696,990,990,file
171,23.954,11331,10002,10002,voip
1500,16.798,40988,989,989,file
1500,3.843,41498,8443,8443,file
1242,63.864,49994,8554,8554,video
143,25.701,17925,8080,8080,voip
317,55.07,53910,443,443,web
341,26.871,12374,8080,8080,voip
1318,1.472,52002,989,989,file
173,11.827,49156,8080,8080,voip
149,11.597,13463,8080,8080,voip
180,14.097,48324,10001,10001,voip
125,17.585,53472,443,443,voip
189,22.754,4667,8080,4667,voip
1056,109.072,37451,8554,8554,video
191,42.253,57514,5060,5060,voip
1164,19.895,51929,443,443,video
1172,5.464,2305,990,990,file
228,11.282,10984,10002,10002,voip
449,43.283,25056,8443,8443,voip
285,39.73,11649,10001,10001,voip
1500,1.396,30661,8081,8081,file
683,202.223,40177,80,80,web
1085,3.358,54159,990,990,file
1461,38.323,10507,5004,5004,video
1068,57.886,52585,8443,8443,web
1351,30.303,10235,1935,1935,video
159,18.76,21845,10001,10001,voip
60,38.417,6738,10001,6738,voip
1500,90.929,1216,1935,1216,video
226,124.474,26258,8443,8443,web
1242,3.802,48748,20,20,file
130,28.011,54853,8443,8443,voip
1267,3.911,25634,20,20,file
1336,14.311,39846,443,443,video
353,1000.0,28471,8080,8080,web
60,30.246,49717,8443,8443,voip
1020,23.101,37795,8443,8443,video
1192,4.611,2995,443,443,file
1390,2.379,28416,8080,8080,file
161,16.68,49953,10001,10001,voip
1223,2.259,12333,8081,8081,file
1253,72.8,60818,8080,8080,video
1002,38.137,12801,5005,5005,video
844,376.646,5295,8080,5295,web
811,28.416,34920,8443,8443,video
177,19.048,12522,5061,5061,voip
123,15.52,26921,10001,10001,voip
1500,6.12,14298,21,21,file
1322,3.575,3599,8443,3599,file
1500,6.307,58079,8080,8080,file
298,15.318,56675,8443,8443,voip
1358,100.006,59636,5005,5005,video
397,441.21,46230,443,443,web
292,40.454,31249,443,443,web
1126,47.949,22381,8443,8443,video
739,266.052,15035,443,443,web
226,27.15,10495,10002,10002,voip
1335,24.106,9361,8080,8080,file
1180,1.235,28004,989,989,file
1500,5.917,63543,990,990,file
1341,17.054,57413,5005,5005,video
614,582.802,57945,80,80,web
235,8.594,57853,10000,10000,voip
1500,14.647,62098,443,443,file
100,7.203,47756,443,443,voip
1213,3.317,50317,8081,8081,file
1381,34.978,32151,8443,8443,video
1068,6.656,18209,20,20,file
1428,6.139,22856,21,21,file
223,12.062,16266,10001,10001,voip
752,94.495,37065,80,80,web
1260,72.485,5736,5005,5005,video
60,46.207,55095,8443,8443,voip
1494,28.158,39371,5004,5004,video
1500,53.582,42693,5005,5005,video
185,17.43,26432,10002,10002,voip
800,218.478,58375,8080,8080,web
1129,25.443,16344,5005,5005,video
1188,49.427,48410,8443,8443,video
188,46.287,39996,10000,10000,voip
126,21.328,20708,5061,5061,voip
1500,26.353,7888,8443,7888,video
209,8.967,14676,10000,10000,voip
1315,23.437,16051,5005,5005,video
1301,0.746,21572,8081,8081,file
251,13.283,48997,10001,10001,voip
1273,28.109,10075,8443,8443,video
1300,23.121,22271,5005,5005,video
192,14.922,43730,443,443,voip
1500,18.165,7657,443,443,video
1429,35.041,23749,5004,5004,video
1401,4.162,64340,8080,8080,file
195,11.95,17827,8443,8443,voip
1352,65.768,38422,443,443,video
149,775.306,19240,443,443,web
938,361.162,37753,8443,8443,web
237,10.852,36561,5060,5060,voip
238,17.631,2923,5061,2923,voip
390,18.225,58442,8080,8080,voip
256,17.841,3520,8080,3520,voip
1461,17.42,1441,8554,1441,video
379,136.03,11248,443,443,web
225,167.898,22537,8443,8443,web
328,23.293,53914,443,443,voip
1500,9.63,14657,8443,8443,file
841,214.706,32485,443,443,web
1351,44.983,42984,8554,8554,video
1191,4.353,42425,21,21,file
1500,28.317,48848,443,443,video
137,7.836,17608,8080,8080,voip
928,221.537,53727,8080,8080,web
214,14.014,16662,5060,5060,voip
978,35.642,2424,8443,2424,video
146,9.211,31268,8443,8443,voip
198,203.63,16675,8443,8443,web
1113,78.687,64528,5005,5005,video
967,35.456,17473,8554,8554,video
1224,1.482,48819,989,989,file
1233,5.004,16288,8443,8443,file
1493,28.704,62551,5005,5005,video
1402,1.894,49624,20,20,file
1067,41.682,26155,5004,5004,video
1071,2.254,54714,20,20,file
1403,2.959,61451,8081,8081,file
147,36.202,39469,10000,10000,voip
1375,4.497,58038,443,443,file
189,18.779,42031,10000,10000,voip
1479,40.628,37010,8443,8443,video
1346,24.203,56226,5004,5004,video
1219,9.335,55737,443,443,file
212,425.035,38820,80,80,web
1070,2.799,49578,8443,8443,file
224,29.49,58763,443,443,voip
1500,1.691,62173,989,989,file
1123,6.502,14499,8081,8081,file
1231,34.05,31858,5004,5004,video
1155,23.099,15843,5005,5005,video
217,445.435,37307,80,80,web
185,23.149,64503,8443,8443,voip
264,29.668,1047,8080,1047,voip
1055,39.616,45369,8554,8554,video
174,31.647,62841,10002,10002,voip
254,305.217,5133,80,80,web
1128,23.71,63647,5004,5004,video
1069,7.27,56609,989,989,file
1433,11.494,42368,443,443,file
567,122.435,33575,443,443,web
500,112.029,40407,8443,8443,web
262,203.4,23244,443,443,web
1398,17.781,46821,443,443,video
1500,10.54,22953,20,20,file
1205,66.347,1388,8554,1388,video
1450,47.083,1625,5005,1625,video
1106,4.602,4290,989,989,file
629,353.618,12833,8443,8443,web
362,54.1,14939,10001,10001,voip
200,25.499,9110,5061,5061,voip
1365,4.476,40164,443,443,file
1365,4.426,21930,989,989,file
1009,39.373,11608,5004,5004,video
1162,5.827,12285,21,21,file
958,15.692,21038,8554,8554,video
944,18.924,7363,8080,7363,video
1086,33.125,21469,8554,8554,video
270,27.917,31303,8080,8080,voip
1340,22.239,55569,8443,8443,video
338,82.999,2459,8080,2459,web
1089,180.603,27919,8443,8443,web
1314,46.693,18461,5005,5005,video
312,105.877,38955,443,443,web
232,29.874,28625,8443,8443,voip
152,11.585,46307,8443,8443,voip
1500,21.013,22977,1935,1935,video
1249,19.107,50917,1935,1935,video
837,16.105,9318,1935,1935,video
804,240.048,7144,8080,7144,web
1026,42.033,52173,8080,8080,video
872,249.479,30824,80,80,web
185,20.792,36442,8080,8080,voip
1331,8.864,53326,20,20,file
1017,28.659,11574,1935,1935,video
787,207.461,20354,5004,5004,video
1220,5.451,36637,20,20,file
436,189.797,11279,80,80,web
327,3.403,58084,10000,10000,voip
1159,25.173,37678,5004,5004,video
969,2.594,59803,8081,8081,file
261,168.492,1662,443,443,web
1326,41.363,20073,443,443,video
252,18.1,17773,443,443,voip
1407,4.117,54285,20,20,file
181,9.93,39419,5060,5060,voip
496,487.375,5235,443,443,web
522,106.202,49040,8443,8443,web
1336,3.891,1331,8443,1331,file
143,13.961,27902,5061,5061,voip
1375,6.872,55838,443,443,file
506,244.174,43374,8080,8080,web
1500,22.087,43022,8443,8443,video
833,91.957,12723,8443,8443,web
208,10.163,7905,10000,7905,voip
1500,2.036,34138,8081,8081,file
108,12.538,8712,5060,5060,voip
652,598.197,35633,443,443,web
1394,17.316,32928,8554,8554,video
1097,20.361,61793,5005,5005,video
1500,29.561,55435,8080,8080,video
1479,12.181,19047,21,21,file
1500,61.324,61197,8080,8080,video
1431,30.057,40252,443,443,video
331,289.901,5488,8443,5488,web
1027,245.155,25882,8080,8080,web
1098,19.674,25424,443,443,video
966,44.972,1032,5005,1032,video
1245,24.587,22807,1935,1935,video
188,23.442,63662,443,443,voip
109,19.413,36749,8443,8443,voip
242,25.228,32675,10001,10001,voip
412,88.413,63412,8080,8080,web
1419,7.08,46653,443,443,file
1191,53.918,43732,8080,8080,video
367,26.331,19675,5060,5060,voip
1431,18.686,8122,5004,5004,video
703,466.809,48990,443,443,web
460,409.27,18915,8443,8443,web
1177,10.538,3336,8081,3336,file
1178,4.084,15820,8081,8081,file
1424,6.57,45079,8081,8081,file
340,76.327,31499,80,80,web
865,281.038,56190,8443,8443,web
661,158.379,44146,80,80,web
175,14.687,19815,8443,8443,voip
126,18.513,30548,5061,5061,voip
806,96.429,12682,8080,8080,web
191,11.446,12868,443,443,voip
335,95.378,20680,443,443,web
170,184.165,63188,8080,8080,web
724,135.508,17810,8080,8080,web
1500,5.147,34466,443,443,file
1177,1.906,58043,20,20,file
1134,28.498,26794,5004,5004,video
60,7.286,3170,8080,3170,voip
130,22.783,2188,5060,2188,voip
1066,4.469,10976,8081,8081,file
94,17.939,10438,443,443,voip
1261,234.111,29811,80,80,web
1022,27.657,34796,8554,8554,video
206,30.294,48027,10000,10000,voip
626,236.999,59743,8080,8080,web
1470,4.901,13651,990,990,file
1500,49.041,34134,1935,1935,video
189,30.457,11423,8443,8443,voip
961,27.844,8124,5004,5004,video
219,22.842,48056,443,443,voip
1500,12.74,42051,8081,8081,file
196,528.492,20169,443,443,web
881,160.743,37102,443,443,web
1017,54.228,1221,5005,1221,video
176,31.081,27779,443,443,voip
101,14.065,26268,10000,10000,voip
1202,35.354,3029,5005,3029,video
76,30.392,36694,10002,10002,voip
141,8.112,59778,10001,10001,voip
329,29.004,15729,5061,5061,voip
1242,20.711,64570,5005,5005,video
1035,25.82,8257,8443,8257,video
674,548.893,35339,443,443,web
391,139.118,2797,443,443,web
1336,4.121,40439,990,990,file
807,190.613,47273,80,80,web
1075,200.817,43037,443,443,web
1411,8.873,63931,20,20,file
463,747.897,23222,8080,8080,web
217,15.066,62703,5060,5060,voip
164,13.286,57255,5061,5061,voip
1022,11.903,31695,1935,1935,video
122,22.205,24691,443,443,voip
161,11.191,32563,8080,8080,voip
688,61.811,29654,8443,8443,web
724,72.451,38521,80,80,web
657,361.998,44207,8443,8443,web
1187,15.078,2389,5005,2389,video
778,22.128,24253,8443,8443,video
623,123.9,1255,8443,1255,web
939,32.415,28110,1935,1935,video
1003,36.237,21429,443,443,web
1500,4.602,59005,20,20,file
176,12.508,44958,5060,5060,voip
289,14.069,55694,10000,10000,voip
623,64.783,52721,8080,8080,web
1389,4.532,55469,20,20,file
203,16.326,54622,8443,8443,voip
1360,14.408,21698,20,20,file
678,95.024,29037,8443,8443,web
952,80.546,12699,8443,8443,video
1107,16.314,43870,8080,8080,video
466,262.712,19046,80,80,web
952,64.523,26575,8080,8080,web
1262,24.359,21651,5005,5005,video
428,273.843,64986,80,80,web
132,22.924,52740,10000,10000,voip
645,276.416,5086,80,80,web
1149,37.063,55306,8443,8443,video
1325,1.114,29440,990,990,file
593,198.889,13320,8443,8443,web
192,313.016,22792,8080,8080,web
139,18.933,23777,5060,5060,voip
1500,4.593,62308,20,20,file
1127,24.302,64625,5004,5004,video
1248,45.102,63793,1935,1935,video
162,480.393,35669,8443,8443,web
105,19.537,43976,10002,10002,voip
539,220.319,18718,8443,8443,web
819,3.561,18855,8080,8080,file
560,624.327,24656,443,443,web
1500,16.146,48403,5005,5005,video
976,0.538,31188,21,21,file
336,308.078,1976,8443,1976,web
1416,14.536,53382,5005,5005,video
989,19.1,6914,8554,6914,video
275,20.036,8645,5061,5061,voip
1225,40.537,49426,8443,8443,video
1254,40.388,4750,5004,4750,video
1123,34.402,10908,5004,5004,video
147,8.338,18135,10001,10001,voip
1163,20.327,37826,8443,8443,video
127,6.134,50637,5060,5060,voip
893,6.41,19148,443,443,file
1345,0.899,24432,443,443,file
1027,21.068,25064,5004,5004,video
355,113.241,7822,8443,7822,web
1317,3.112,20162,8443,8443,file
1309,31.583,25264,1935,1935,video
267,28.212,35818,10000,10000,voip
391,266.579,14788,8443,8443,web
1282,5.865,29115,443,443,file
284,318.198,6152,8080,6152,web
1128,4.547,30616,20,20,file
1500,7.438,15316,1935,1935,video
284,274.083,12565,443,443,web
1041,33.148,1716,8443,1716,video
206,13.203,47313,10001,10001,voip
222,596.371,47560,8443,8443,web
1353,10.252,18152,8443,8443,video
1450,17.145,4043,5004,4043,video
196,371.294,60359,8443,8443,web
1121,5.196,55885,989,989,file
1389,5.238,1094,989,989,file
1141,32.637,60471,8080,8080,video
1195,5.761,62504,8081,8081,file
1243,23.36,51195,1935,1935,video
149,18.448,8017,10002,8017,voip
60,22.981,36225,10001,10001,voip
1386,3.301,8510,8081,8081,file
691,547.871,35181,8080,8080,web
425,336.238,27751,443,443,web
284,25.927,4017,5060,4017,voip
1296,1.267,60892,20,20,file
1339,3.834,57733,8080,8080,file
1322,40.265,21911,443,443,video
209,10.039,30154,5061,5061,voip
132,22.923,43539,10001,10001,voip
912,8.87,31876,8081,8081,file
1239,7.737,11931,20,20,file
1084,824.623,41250,443,443,web
650,230.486,9226,8443,8443,web
60,16.381,39441,5060,5060,voip
1251,23.046,44042,8554,8554,video
1015,2.487,21264,20,20,file
1435,735.615,19115,8443,8443,web
835,107.764,19991,8080,8080,web
437,568.806,36225,443,443,web
205,214.98,48484,8443,8443,web
519,186.941,45291,8443,8443,web
1051,25.084,13137,8554,8554,video
708,413.308,2000,443,443,web
1328,3.307,17420,8080,8080,file
890,590.246,13521,8080,8080,web
926,186.678,21076,8080,8080,web
261,17.212,56126,10000,10000,voip
219,14.475,6782,10000,6782,voip
666,770.756,45860,443,443,web
908,53.827,28952,5005,5005,video
229,396.595,7676,443,443,web
1100,18.299,14952,5004,5004,video
1500,33.294,35543,1935,1935,video
348,35.119,64511,8443,8443,voip
477,323.68,62813,8080,8080,web
191,21.5,14891,443,443,voip
1064,5.189,17662,989,989,file
1303,18.899,34104,5005,5005,video
699,203.103,3203,443,443,web
971,34.764,56067,8554,8554,video
1230,3.06,31495,8081,8081,file
985,393.2,64656,80,80,web
1112,20.656,8071,8080,8071,video
1500,43.124,28883,8443,8443,video
141,20.336,10335,5060,5060,voip
1500,5.194,10952,8443,8443,file
1500,81.601,39850,1935,1935,video
135,28.186,50862,8080,8080,voip
1199,45.981,57480,8080,8080,video
218,18.995,12237,5060,5060,voip
1500,5.127,60193,990,990,file
1500,5.98,62753,443,443,file
60,366.591,1623,80,80,web
1404,4.655,38616,990,990,file
460,83.234,49386,443,443,web
882,284.926,27845,8443,8443,web
118,8.756,53003,8443,8443,voip
136,25.838,55942,443,443,voip
132,14.286,13732,10002,10002,voip
1297,2.755,40452,21,21,file
337,551.507,37476,80,80,web
201,12.867,31095,10002,10002,voip
765,56.894,6033,5004,5004,video
733,77.318,26437,443,443,web
1118,496.152,29176,8080,8080,web
1300,6.191,29752,443,443,file
143,33.992,59661,8080,8080,voip
1156,22.009,24486,443,443,video
109,21.145,36097,8080,8080,voip
156,25.431,21957,10000,10000,voip
522,664.357,40134,8443,8443,web
1500,10.328,53546,8080,8080,file
158,9.929,56769,443,443,voip
240,11.477,1834,10001,1834,voip
650,83.872,63701,443,443,web
194,21.763,20624,8443,8443,voip
1160,17.384,26989,8080,8080,video
206,247.558,43827,443,443,web
206,10.277,23534,10002,10002,voip
147,25.427,53480,8443,8443,voip
306,678.422,4634,8080,4634,web
1046,142.022,4886,8443,4886,web
1306,50.421,18472,8080,8080,video
379,112.215,21081,8080,8080,web
181,33.757,7063,5061,5061,voip
1391,2.2,10726,8080,8080,file
1068,114.49,61664,8443,8443,video
952,328.232,26571,8080,8080,web
177,36.637,39555,8080,8080,voip
133,16.166,7306,10002,7306,voip
217,23.317,22457,10000,10000,voip
1500,6.619,14725,20,20,file
214,9.952,53485,10002,10002,voip
1159,334.051,9999,443,443,web
589,179.838,12056,80,80,web
1075,46.243,16731,1935,1935,video
920,4.725,27990,21,21,file
826,333.499,31125,8443,8443,web
1326,51.661,61334,8080,8080,video
995,67.572,55707,5004,5004,video
1122,1.219,14420,8080,8080,file
173,16.891,53537,443,443,voip
1384,7.871,62523,8443,8443,file
1375,32.465,8374,990,990,file
1369,0.859,9962,21,21,file
1044,5.275,48377,443,443,file
1017,4.936,49644,8081,8081,file
109,38.655,43041,5061,5061,voip
829,630.738,61107,8080,8080,web
1452,1.433,54474,8443,8443,file
1497,7.868,20443,8443,8443,file
956,30.543,25058,1935,1935,video
1465,30.759,22642,5004,5004,video
1013,19.942,18980,8443,8443,web
961,29.003,61807,8080,8080,video
1500,1.261,43694,989,989,file
1291,7.127,62536,443,443,file
154,22.598,32661,5060,5060,voip
1173,2.05,62422,21,21,file
1195,44.196,41245,1935,1935,video
601,400.311,16863,8443,8443,web
745,86.12,26594,443,443,web
1160,18.933,43169,5004,5004,video
1059,7.178,21941,989,989,file
606,334.831,47089,8080,8080,web
1231,119.231,20847,5004,5004,video
935,28.162,12855,5004,5004,video
1500,4.162,11318,8080,8080,file
1359,14.696,10739,5004,5004,video
179,20.493,31148,8080,8080,voip
1393,8.027,51730,8443,8443,file
901,15.159,54809,5005,5005,video
1500,14.696,4356,8554,4356,video
1118,32.691,8036,8554,8036,video
1161,1.128,44141,8080,8080,file
634,299.903,51947,443,443,web
1362,1.308,54036,21,21,file
207,126.933,64634,8443,8443,web
1248,30.689,4813,5004,4813,video
1500,2.737,8249,8443,8249,file
1186,24.554,44398,8443,8443,video
1500,8.74,17413,989,989,file
197,13.699,23443,10001,10001,voip
153,10.65,4672,5060,4672,voip
1181,280.415,8581,8080,8080,web
1419,1.86,22359,8081,8081,file
163,17.881,20943,10002,10002,voip
154,23.181,56294,10000,10000,voip
1423,23.348,47313,5005,5005,video
258,259.002,7165,80,80,web
1081,2.357,29883,989,989,file
831,189.1,30834,443,443,web
1392,3.464,10662,21,21,file
580,373.991,63878,8443,8443,web
1322,3.212,53980,8443,8443,file
796,350.413,3564,80,80,web
1068,33.336,63397,5005,5005,video
1362,5.192,25407,8443,8443,file
790,14.893,62520,5004,5004,video
564,499.502,38001,8443,8443,web
215,13.6,5333,8443,5333,voip
1067,3.951,43597,443,443,file
1350,8.813,46439,989,989,file
882,188.838,25476,8080,8080,web
229,24.036,13560,10001,10001,voip
977,22.224,50213,5004,5004,video
1433,3.291,31722,8443,8443,file
268,108.191,6723,443,443,web
1363,3.795,35576,8081,8081,file
1500,11.738,39801,20,20,file
191,305.799,49164,443,443,web
215,20.162,49218,8080,8080,voip
1224,14.963,6297,8081,6297,file
1163,27.086,34834,8080,8080,video
908,191.769,35673,80,80,web
1410,5.034,4934,8081,4934,file
238,15.313,62324,10000,10000,voip
1378,7.74,21544,990,990,file
183,17.627,47316,10001,10001,voip
1406,12.362,50434,990,990,file
1064,5.351,40562,20,20,file
925,432.417,9774,80,80,web
1500,24.606,46676,5005,5005,video
160,28.957,39034,443,443,voip
206,6.241,49958,10000,10000,voip
1266,3.282,10284,21,21,file
1102,38.106,55033,5004,5004,video
242,119.306,58434,443,443,web
1352,29.37,2752,1935,1935,video
988,45.103,29294,5005,5005,video
867,218.576,29974,8443,8443,web
976,265.238,31631,8443,8443,web
996,3.565,35767,443,443,file
1311,9.044,9931,8443,8443,file
1355,4.65,34339,21,21,file
1169,1.525,14446,21,21,file
60,40.908,27237,8080,8080,voip
1481,38.504,15887,8080,8080,video
293,15.849,25561,10002,10002,voip
1113,3.862,48346,989,989,file
1369,0.873,35681,21,21,file
1226,36.247,62236,8554,8554,video
1423,2.459,10479,8443,8443,file
370,370.686,15986,8080,8080,web
226,17.384,22767,10001,10001,voip
1367,56.214,32806,1935,1935,video
60,54.045,12434,10002,10002,voip
219,13.4,12491,443,443,voip
1500,60.785,6468,5005,5005,video
308,218.896,19660,443,443,web
1017,28.615,21731,5005,5005,video
1342,3.436,8748,21,21,file
1345,4.916,61829,21,21,file
141,13.918,62405,5060,5060,voip
813,511.351,25795,443,443,web
872,13.548,39071,1935,1935,video
210,22.055,18139,10000,10000,voip
1152,19.186,53131,5004,5004,video
1019,461.84,55276,443,443,web
236,175.258,45368,8080,8080,web
1440,27.618,48560,1935,1935,video
393,449.608,15637,443,443,web
1121,31.171,41970,8554,8554,video
1119,33.486,36973,8080,8080,video
1271,28.111,2658,5004,2658,video
1480,1.418,60561,8080,8080,file
836,200.554,33166,8080,8080,web
1081,37.342,53622,443,443,video
189,94.917,16088,8443,8443,web
1132,17.586,61927,1935,1935,video
259,30.817,27564,10000,10000,voip
1050,80.702,50102,443,443,video
1240,7.753,56315,990,990,file
222,20.561,30192,5061,5061,voip
1500,2.299,19771,8443,8443,file
1190,42.57,16576,443,443,video
905,26.917,51550,1935,1935,video
249,45.562,22976,8080,8080,voip
487,644.937,61823,80,80,web
1500,33.831,40034,8080,8080,video
1077,8.477,48899,8081,8081,file
1302,26.755,61214,5005,5005,video
196,49.621,6919,5060,5060,voip
1154,26.518,14185,8554,8554,video
1155,16.43,53233,5005,5005,video
627,357.361,4647,443,443,web
220,462.216,11833,80,80,web
111,14.156,23505,5061,5061,voip
1049,47.827,3367,5005,3367,video
699,102.34,47800,80,80,web
223,11.937,4014,10000,4014,voip
1317,25.937,55486,5005,5005,video
1106,15.875,61384,5004,5004,video
1393,10.1,63501,21,21,file
1136,24.024,50719,5004,5004,video
719,931.722,20298,80,80,web
1017,157.067,41612,443,443,web
991,270.544,55058,8443,8443,web
371,122.786,35098,8080,8080,web
674,484.525,60410,8080,8080,web
1176,17.079,50054,1935,1935,video
726,203.409,21191,8443,8443,web
1314,2.611,19971,8080,8080,file
789,399.741,1133,8080,1133,web
448,304.818,33607,443,443,web
1471,30.41,53786,5005,5005,video
237,13.04,24484,10001,10001,voip
259,6.595,3855,8443,3855,voip
430,391.31,40157,8080,8080,web
1254,50.54,8074,80,80,web
424,203.106,59719,443,443,web
1339,27.327,64211,1935,1935,video
1179,13.443,24182,5004,5004,video
565,64.266,35690,8443,8443,web
144,11.94,12256,443,443,voip
1164,41.031,25047,443,443,video
254,32.844,5435,10001,5435,voip
147,23.183,63340,10000,10000,voip
205,20.729,51013,10000,10000,voip
430,286.535,10817,8443,8443,web
207,10.322,21494,10000,10000,voip
1500,9.55,43912,5005,5005,video
1500,8.979,46652,20,20,file
1141,1000.0,34936,80,80,web
1248,4.727,52923,8443,8443,file
1068,2.719,29395,21,21,file
966,21.051,39282,5005,5005,video
308,535.952,55460,8080,8080,web
193,17.683,7450,10001,7450,voip
809,113.46,42191,8080,8080,web
191,28.017,11506,8443,8443,voip
676,207.881,36893,8443,8443,web
119,13.335,5586,443,443,voip
1155,29.604,18311,8080,8080,video
181,13.339,35221,5060,5060,voip
496,488.638,21308,8443,8443,web
807,51.721,60298,8554,8554,video
1352,5.47,1837,990,990,file
1422,32.189,39085,8443,8443,video
128,13.278,54550,8080,8080,voip
215,16.31,22725,10002,10002,voip
328,788.092,56178,443,443,web
60,15.393,63228,8080,8080,voip
1208,244.928,4085,8080,4085,web
1061,3.193,35463,8443,8443,file
1459,2.722,8079,989,989,file
853,44.309,31205,8443,8443,web
1335,11.793,4779,8443,4779,file
1302,3.742,3231,8080,3231,file
589,360.714,62488,8080,8080,web
1082,2.327,18953,443,443,file
917,58.188,3434,5004,3434,video
1300,27.486,18104,8443,8443,video
144,12.336,30474,10000,10000,voip
384,481.182,11857,443,443,web
1500,4.747,5267,21,21,file
359,44.437,10337,443,443,voip
697,493.276,8291,443,443,web
1106,10.074,9508,8081,8081,file
1295,42.129,43172,8554,8554,video
124,7.134,28628,10002,10002,voip
1500,9.249,57580,8443,8443,file
1143,25.415,37497,5004,5004,video
248,16.892,12376,5061,5061,voip
1376,19.322,52154,1935,1935,video
1000,40.03,10877,1935,1935,video
636,48.929,12861,443,443,web
420,25.004,21989,5061,5061,voip
150,6.607,58538,10002,10002,voip
1439,3.229,17990,8080,8080,file
235,12.317,39164,10001,10001,voip
852,131.831,59756,8080,8080,video
322,184.215,24018,8080,8080,web
1149,31.188,9859,8080,8080,video
796,64.934,7146,5005,5005,video
156,13.791,39309,10000,10000,voip
212,23.898,35039,10002,10002,voip
188,7.842,35449,443,443,voip
161,13.408,57837,8443,8443,voip
235,84.819,55262,10001,10001,voip
147,11.493,33395,5061,5061,voip
1375,463.535,13272,443,443,web
1035,485.615,59223,443,443,web
1451,45.985,48573,443,443,video
1204,30.543,40742,1935,1935,video
720,179.856,64155,80,80,web
1325,6.355,3934,990,990,file
1175,34.154,55195,1935,1935,video
762,148.08,61110,8080,8080,web
103,13.843,13168,8443,8443,voip
231,37.314,40566,8080,8080,voip
724,29.853,17269,80,80,web
148,18.137,4456,10002,4456,voip
132,21.21,14786,8443,8443,voip
132,11.015,16245,5061,5061,voip
451,57.818,14435,8080,8080,web
475,104.609,36277,8080,8080,web
738,125.549,61541,8443,8443,web
1006,32.192,19744,5004,5004,video
443,227.793,8906,443,443,web
225,10.228,44720,8443,8443,voip
151,23.066,62994,443,443,voip
1318,27.18,46208,5005,5005,video
170,16.75,46408,10000,10000,voip
751,60.956,30444,8554,8554,video
501,209.104,17223,443,443,web
238,20.169,25709,5061,5061,voip
153,14.317,53646,10002,10002,voip
792,279.817,40559,80,80,web
1219,10.852,13267,8080,8080,file
1348,44.513,3564,1935,1935,video
232,21.248,45091,5060,5060,voip
1017,349.583,3097,80,80,web
826,38.061,2442,8554,2442,video
60,24.103,18973,10002,10002,voip
1059,26.357,22590,8443,8443,video
1285,3.774,52928,8080,8080,file
1471,4.321,25735,8080,8080,file
169,13.786,16187,8443,8443,voip
120,32.58,28122,8443,8443,voip
1500,6.273,21112,8081,8081,file
174,13.68,6204,8080,6204,voip
189,75.584,12691,443,443,web
220,12.508,46881,10001,10001,voip
403,200.659,45822,8080,8080,web
1215,12.802,30408,8554,8554,video
324,699.513,28443,8443,8443,web
784,125.962,32764,8080,8080,web
997,247.833,41935,80,80,web
1239,17.136,30815,8554,8554,video
1224,1.799,9871,989,989,file
211,25.152,15275,443,443,voip
197,18.38,18553,8080,8080,voip
442,186.775,47160,443,443,web
1026,22.864,22579,8554,8554,video
201,332.475,41043,8443,8443,web
1437,3.469,25173,990,990,file
147,15.893,36556,10002,10002,voip
1391,1.572,6142,21,21,file
1016,206.101,34830,80,80,web
1425,36.753,58122,1935,1935,video
857,26.792,55554,5005,5005,video
155,25.96,30105,5060,5060,voip
132,22.31,23042,10001,10001,voip
1220,41.54,27794,1935,1935,video
1172,39.739,38561,8554,8554,video
1024,205.084,42958,8080,8080,web
238,81.932,48183,8080,8080,web
121,23.913,13722,10002,10002,voip
188,14.758,12459,10000,10000,voip
1500,3.888,49582,443,443,file
143,10.245,4164,443,443,voip
876,32.081,7473,443,443,video
343,423.304,28340,443,443,web
175,19.264,32147,10001,10001,voip
1500,4.544,60260,443,443,file
401,274.92,45123,8443,8443,web
1178,28.602,33819,5005,5005,video
320,132.782,6511,80,80,web
254,116.761,15372,80,80,web
165,15.365,25962,5060,5060,voip
1368,7.741,11320,8080,8080,file
791,211.454,46173,8080,8080,web
202,23.265,38887,10000,10000,voip
1500,17.674,40225,990,990,file
1101,5.318,26844,989,989,file
1233,3.96,49283,8081,8081,file
209,39.254,45946,5061,5061,voip
145,19.768,3422,10001,3422,voip
1382,14.215,25633,8443,8443,file
1104,140.76,12759,8443,8443,web
188,8.128,34053,10002,10002,voip
885,14.209,11907,443,443,file
125,16.171,25324,5061,5061,voip
974,31.148,34444,1935,1935,video
1278,5.789,3499,21,21,file
241,15.477,54478,8080,8080,voip
465,248.215,16018,8080,8080,web
134,18.337,25450,10000,10000,voip
1328,1.64,61245,990,990,file
749,22.65,26756,5005,5005,video
161,11.906,3814,10002,3814,voip
1460,7.438,28958,20,20,file
1249,5.204,20086,989,989,file
235,22.717,24166,5061,5061,voip
1500,6.652,14884,443,443,file
129,22.287,36806,5061,5061,voip
1399,4.145,49844,443,443,file
1014,47.909,52047,5004,5004,video
331,111.666,34621,8443,8443,web
349,42.548,30472,10002,10002,voip
199,11.856,1524,443,443,voip
1015,25.961,56635,5005,5005,video
1258,3.157,21344,8080,8080,file
1379,43.851,62403,8080,8080,video
176,23.76,52736,8080,8080,voip
937,531.653,21769,8080,8080,web
1500,5.729,25622,21,21,file
191,9.212,17979,5060,5060,voip
176,16.519,18254,5060,5060,voip
565,351.665,35554,8080,8080,web
999,4.028,6982,21,21,file
1466,17.498,23578,8443,8443,file
1411,4.897,17163,990,990,file
954,415.645,8671,8080,8080,web
1127,8.551,49440,990,990,file
1316,20.208,48060,8554,8554,video
1119,66.382,42677,5004,5004,video
195,6.042,12594,5060,5060,voip
853,213.008,5602,8080,5602,web
173,32.092,64136,10001,10001,voip
1437,5.135,3184,8081,3184,file
717,472.553,45238,80,80,web
219,12.042,25787,10000,10000,voip
729,284.301,28533,8443,8443,web
706,171.485,6184,443,443,web
1172,9.252,25562,8080,8080,file
1024,406.812,43351,8443,8443,web
169,24.158,3177,5061,3177,voip
1115,4.602,35337,8443,8443,file
1138,23.328,8223,5005,5005,video
607,207.58,20462,80,80,web
413,712.603,26632,443,443,web
1500,10.313,48407,20,20,file
60,4.863,10045,5061,5061,voip
1337,1.801,38054,20,20,file
252,29.798,46233,10001,10001,voip
1382,39.712,8680,8554,8554,video
894,2.214,11765,8080,8080,file
1000,12.691,46345,5005,5005,video
1308,7.787,22566,20,20,file
873,372.881,4462,443,443,web
151,16.64,19633,10000,10000,voip
292,43.785,7907,5060,5060,voip
530,90.634,38279,10002,10002,voip
215,39.605,23860,10000,10000,voip
122,23.368,5214,443,443,voip
1394,1.427,17676,8081,8081,file
1500,4.547,59569,8081,8081,file
60,18.678,39219,8443,8443,voip
893,210.543,43448,80,80,web
872,43.185,28547,80,80,web
131,40.849,57067,8443,8443,voip
1251,33.86,8702,1935,1935,video
60,1000.0,59695,443,443,web
1146,50.529,25924,5004,5004,video
974,4.643,11358,8443,8443,file
124,9.33,13173,10002,10002,voip
1492,3.642,22534,443,443,file
852,32.55,2767,1935,1935,video
1316,1.572,38853,20,20,file
1305,32.737,51826,8443,8443,video
1237,7.603,26700,8443,8443,file
954,31.606,7363,8554,7363,video
568,171.707,39624,8443,8443,web
1412,9.023,18920,989,989,file
1079,42.731,52323,8080,8080,video
1500,5.204,29762,21,21,file
217,26.358,28367,5061,5061,voip
1248,6.154,12476,20,20,file
1500,11.538,55957,20,20,file
1280,8.281,31251,8081,8081,file
1147,2.888,35596,20,20,file
1500,34.041,48243,20,20,file
1027,47.913,6288,8554,6288,video
685,265.75,45373,80,80,web
1325,3.023,49121,443,443,file
1132,5.739,5341,8080,5341,video
74,30.234,15717,8443,8443,voip
176,31.75,3066,5060,3066,voip
1242,25.671,41498,8443,8443,video
495,312.201,20184,443,443,web
297,76.075,18864,443,443,web
1188,18.737,4215,8554,4215,video
441,257.304,28908,8443,8443,web
1252,39.266,29256,443,443,video
1500,3.691,21615,990,990,file
220,16.185,7637,5061,5061,voip
735,259.189,60603,443,443,web
1254,283.169,41691,8080,8080,web
188,27.885,22325,10000,10000,voip
1365,6.192,12505,8443,8443,file
655,107.734,28399,8443,8443,web
1495,5.642,56741,443,443,file
192,7.697,45741,5060,5060,voip
280,150.439,63902,80,80,web
1500,2.081,8529,20,20,file
1099,29.235,3575,5004,3575,video
1296,432.132,37642,80,80,web
1178,4.025,26950,990,990,file
505,72.322,55819,8080,8080,web
805,314.469,34410,8443,8443,web
1161,32.571,7299,8443,7299,video
583,267.693,7841,8080,7841,web
979,36.662,8689,1935,1935,video
240,18.914,43258,8443,8443,voip
1056,4.87,58235,989,989,file
1186,23.187,49193,1935,1935,video
218,15.41,17180,10000,10000,voip
1047,5.031,64234,8443,8443,file
152,21.125,12364,443,443,voip
999,260.3,47197,8080,8080,web
1500,45.046,50802,8443,8443,video
858,232.386,4831,8443,4831,web
818,110.762,39332,443,443,web
1151,12.322,37385,8080,8080,video
1475,5.9,5431,990,990,file
122,17.205,14958,443,443,voip
82,13.94,53631,8443,8443,voip
1362,2.691,8443,21,21,file
137,18.444,10898,5060,5060,voip
1023,25.58,12636,8443,8443,video
1205,21.354,30991,5004,5004,video
1028,23.493,58959,8080,8080,video
1357,37.612,33368,8554,8554,video
142,12.025,45724,10002,10002,voip
494,183.673,52342,8080,8080,web
133,11.276,26457,10002,10002,voip
272,10.397,51592,10000,10000,voip
190,17.593,18774,443,443,voip
1500,2.425,56397,8443,8443,file
1483,20.899,14612,8443,8443,video
1245,88.031,13625,5004,5004,video
1239,24.898,40411,5004,5004,video
915,336.498,27131,80,80,web
993,54.079,54775,8080,8080,web
1467,2.376,24466,8443,8443,file
225,18.483,22505,5061,5061,voip
210,17.258,17388,8443,8443,voip
582,342.891,64587,8080,8080,web
769,679.18,27820,80,80,web
254,46.93,15021,8443,8443,web
1406,1.341,13412,443,443,file
161,18.279,37363,443,443,voip
182,348.066,49116,8443,8443,web
1073,130.784,18288,8443,8443,web
60,32.865,6974,10001,6974,voip
215,16.68,3361,10001,3361,voip
172,15.55,55158,10000,10000,voip
1197,44.775,29478,1935,1935,video
958,17.452,19923,1935,1935,video
173,25.912,37453,10001,10001,voip
191,301.651,16038,8443,8443,web
209,32.998,44212,10002,10002,voip
465,442.381,57094,443,443,web
1500,5.897,47664,989,989,file
190,17.392,45111,10000,10000,voip
1017,39.87,40340,8080,8080,video
261,8.279,24708,5060,5060,voip
175,12.718,27006,10001,10001,voip
388,121.952,3741,8443,3741,web
1362,5.243,41719,8081,8081,file
827,731.528,11439,443,443,web
856,13.498,49655,8554,8554,video
1353,16.783,30066,990,990,file
1014,31.422,10947,5005,5005,video
1261,1.871,17864,443,443,file
196,24.516,16665,8443,8443,voip
1241,4.152,54710,21,21,file
1011,40.034,35722,443,443,video
156,6.676,10308,10000,10000,voip
1445,21.276,9821,1935,1935,video
1335,28.194,30035,8080,8080,video
201,21.994,4412,10001,4412,voip
1081,46.967,10135,8443,8443,video
867,59.88,45441,1935,1935,video
275,50.164,55975,8080,8080,voip
1423,7.621,24155,990,990,file
1056,1.848,2002,8080,2002,file
1091,111.237,43738,8443,8443,web
427,43.973,26511,5060,5060,voip
1226,8.361,21448,990,990,file
1442,2.211,61179,20,20,file
1196,40.38,58808,8080,8080,video
718,83.337,15327,8080,8080,web
309,175.709,41104,8443,8443,web
1331,3.753,57377,20,20,file
1330,5.058,43034,8081,8081,file
1068,32.33,57133,8080,8080,video
202,18.497,53940,8443,8443,voip
1231,32.378,49549,8443,8443,video
763,296.417,42234,8443,8443,web
1282,34.542,43147,1935,1935,video
1500,4.753,59797,5005,5005,video
1044,63.727,52271,1935,1935,video
149,6.796,59981,10001,10001,voip
329,166.343,6545,8080,6545,web
969,229.393,15238,8443,8443,web
907,228.242,40970,8080,8080,web
1118,378.053,53347,8080,8080,web
1500,8.444,1735,8443,1735,file
258,274.865,10178,443,443,web
1500,53.272,7028,1935,1935,video
911,154.158,17439,8080,8080,web
982,0.712,8452,8443,8443,file
205,41.332,61322,10002,10002,voip
371,16.001,6338,10001,6338,voip
1296,19.502,48770,8443,8443,video
1315,2.68,63450,989,989,file
1351,3.579,6177,21,21,file
220,8.358,8223,8443,8223,voip
198,10.609,28214,10001,10001,voip
1359,5.5,57050,990,990,file
415,151.587,26453,8080,8080,web
1218,3.265,35686,21,21,file
1100,3.605,63687,8081,8081,file
1402,0.844,9425,8443,8443,file
1500,1.244,1366,20,20,file
353,23.86,47138,5061,5061,voip
158,11.241,64209,443,443,voip
159,15.488,26917,5061,5061,voip
1250,4.897,3243,8443,3243,file
226,115.391,4825,8443,4825,web
1500,3.421,40688,21,21,file
222,13.917,11773,5061,5061,voip
962,7.739,5850,443,443,file
1257,15.59,34436,8443,8443,file
1144,8.881,52702,8080,8080,file
1392,21.106,47537,1935,1935,video
793,100.785,25845,443,443,web
99,844.29,53149,80,80,web
1237,33.507,28649,8443,8443,video
980,56.338,13238,8443,8443,video
1280,25.585,2563,443,443,video
1197,6.42,5932,8443,5932,file
1379,3.904,45725,5004,5004,video
738,107.326,32739,8080,8080,web
654,49.669,54598,443,443,web
346,131.165,54879,8443,8443,web
189,23.601,27482,8080,8080,voip
545,375.648,40886,8080,8080,web
1365,3.134,28918,21,21,file
173,10.008,40016,443,443,voip
132,12.782,51654,5061,5061,voip
280,24.146,42024,10000,10000,voip
1011,15.846,25524,989,989,file
248,387.524,2743,8443,2743,web
235,7.189,44357,10000,10000,voip
149,16.485,27486,8080,8080,voip
1294,4.589,51858,8081,8081,file
809,271.305,59329,8080,8080,web
1068,293.686,32551,443,443,web
1307,13.398,2546,8443,2546,video
329,92.183,28030,443,443,web
1200,3.583,23946,8443,8443,file
1082,24.588,30524,8080,8080,video
564,89.182,9375,8443,8443,web
206,208.955,1378,80,80,web
877,81.547,11229,8443,8443,web
676,50.738,8267,443,443,video
162,17.869,6925,10001,6925,voip
229,18.156,10899,10002,10002,voip
152,11.633,46276,8443,8443,voip
1237,3.333,27987,8080,8080,file
188,54.013,30382,5060,5060,voip
673,191.79,23786,8080,8080,web
1351,652.363,29684,8443,8443,web
531,206.798,55115,8443,8443,web
1046,28.023,1331,8080,1331,video
132,4.559,29253,5061,5061,voip
610,58.163,53281,8443,8443,web
1248,1.145,50543,990,990,file
226,20.745,11977,8080,8080,voip
777,91.628,47866,8443,8443,video
1116,23.682,39914,8554,8554,video
1109,31.509,34256,1935,1935,video
1133,1.467,60336,8080,8080,file
760,149.392,38176,8080,8080,web
761,59.616,31297,5005,5005,video
565,154.326,34049,8080,8080,web
1265,5.877,49200,990,990,file
1060,1.578,43254,21,21,file
975,5.776,19069,8443,8443,file
968,5.793,55785,1935,1935,video
1178,6.228,20897,990,990,file
60,84.523,28801,5061,5061,voip
203,7.89,53522,5061,5061,voip
1269,22.541,36518,1935,1935,video
214,17.845,36838,5060,5060,voip
777,45.071,35404,5005,5005,video
237,13.311,26429,443,443,voip
1200,40.268,38635,443,443,video
1328,1.17,15188,8081,8081,file
805,12.896,53038,5004,5004,video
230,333.248,26203,8443,8443,web
1368,1.554,48382,8081,8081,file
1330,22.665,60511,1935,1935,video
235,5.593,14118,10001,10001,voip
1065,66.859,54568,8554,8554,video
1203,15.862,29662,8080,8080,video
1145,123.384,59227,5004,5004,video
156,9.58,39625,10000,10000,voip
1191,19.889,6027,8443,6027,video
804,52.977,14445,5004,5004,video
924,152.821,27484,443,443,web
1099,35.432,51274,5005,5005,video
1279,5.536,57186,21,21,file
1230,268.679,38377,8443,8443,web
118,12.199,42745,10001,10001,voip
87,74.555,35343,5060,5060,voip
151,18.968,15123,10002,10002,voip
298,21.713,6188,8080,6188,voip
193,18.565,45576,10002,10002,voip
918,39.427,60627,443,443,video
271,14.954,53249,5060,5060,voip
917,110.566,19901,443,443,web
1096,21.878,42188,8554,8554,video
156,29.528,8137,5061,5061,voip
1179,38.682,53473,8080,8080,video
126,21.574,25770,5061,5061,voip
60,6.236,56941,8080,8080,voip
1021,1.219,1416,8081,1416,file
1333,7.147,63502,20,20,file
1160,21.483,56237,8080,8080,video
1183,81.76,40429,8554,8554,video
1119,167.689,47697,80,80,web
1355,27.256,16604,443,443,video
1315,21.506,45600,8554,8554,video
1420,16.953,55383,8443,8443,video
903,6.937,8671,989,989,file
1330,3.094,4583,20,20,file
1359,45.182,5361,1935,1935,video
255,13.911,54741,5061,5061,voip
1321,3.105,62275,8443,8443,file
177,19.873,11694,10001,10001,voip
1016,20.649,32519,8443,8443,video
1088,34.266,17612,5004,5004,video
182,10.35,11646,10000,10000,voip
682,99.762,43258,8080,8080,web
501,218.534,3662,80,80,web
1213,1.792,26483,21,21,file
195,26.127,27932,10000,10000,voip
1335,38.789,33529,8554,8554,video
818,115.932,51593,8443,8443,web
1134,16.021,17026,8554,8554,video
441,97.53,21964,8080,8080,web
931,301.329,57892,443,443,web
1344,48.973,54926,1935,1935,video
344,9.401,51950,10000,10000,voip
1247,9.281,15555,990,990,file
1323,8.08,63989,1935,1935,video
208,159.054,51055,443,443,web
809,32.011,5135,443,443,video
221,100.675,63123,443,443,web
1500,15.067,55603,443,443,file
411,156.091,60427,8080,8080,web
1415,1.657,6960,20,20,file
1329,21.585,33377,443,443,file
887,174.955,37510,8080,8080,web
570,243.968,57579,8080,8080,web
1296,5.65,40658,20,20,file
134,587.026,23183,8443,8443,web
1098,32.369,35051,5004,5004,video
1454,1.78,31092,990,990,file
1240,8.224,37314,8081,8081,file
239,19.649,43270,10001,10001,voip
103,68.882,38697,10001,10001,voip
1343,9.081,11715,990,990,file
1006,43.917,16065,5004,5004,video
671,296.009,46329,443,443,web
1500,20.175,3869,8443,3869,video
604,603.805,2457,8443,2457,web
197,23.193,35798,443,443,voip
500,72.252,53038,443,443,web
710,313.345,57318,80,80,web
1388,2.237,54637,8081,8081,file
1284,4.627,45033,443,443,file
1413,10.67,31153,21,21,file
1424,10.121,3220,990,990,file
1214,9.71,51099,989,989,file
60,42.434,20940,5060,5060,voip
536,461.272,48921,80,80,web
314,711.524,55769,8080,8080,web
717,1000.0,32998,8080,8080,web
1076,2.501,58854,8081,8081,file
1142,42.868,61147,8080,8080,video
1334,4.259,38224,990,990,file
958,31.758,40558,5004,5004,video
245,135.681,52626,8080,8080,web
1320,35.497,5201,8443,5201,video
134,6.353,54211,5061,5061,voip
171,25.257,58154,8443,8443,voip
598,1000.0,64652,443,443,web
1295,1.885,62643,443,443,file
966,39.239,62898,5004,5004,video
1500,17.38,23895,1935,1935,video
155,8.986,64389,443,443,voip
270,50.963,39715,8443,8443,voip
1434,59.167,1755,5005,1755,video
1011,58.55,39683,8443,8443,video
1248,5.003,16875,8443,8443,file
1500,1.969,36143,8081,8081,file
1305,19.816,62823,5004,5004,video
1500,7.936,48570,20,20,file
967,1000.0,6085,443,443,web
676,378.628,51407,8443,8443,web
386,2.428,39474,10000,10000,voip
693,257.714,30235,443,443,web
391,666.168,36892,8443,8443,web
131,17.367,43350,10000,10000,voip
200,23.127,8519,443,443,voip
1154,9.437,44842,443,443,file
943,34.054,34019,8080,8080,video
1466,5.133,44237,990,990,file
1321,7.581,54289,8081,8081,file
367,198.005,31812,8443,8443,web
1193,16.984,59601,8080,8080,video
962,34.868,50034,8443,8443,video
1387,59.618,49881,8080,8080,video
1500,15.945,7149,1935,1935,video
280,9.758,6679,5061,5061,voip
995,205.598,47429,443,443,web
912,217.581,23233,8080,8080,web
1148,1.167,5871,21,21,file
248,27.063,38313,443,443,voip
1256,3.809,60051,8080,8080,file
173,14.21,22784,10001,10001,voip
329,100.103,24686,443,443,web
186,24.157,7249,443,443,voip
215,10.345,46466,10002,10002,voip
731,72.577,62774,443,443,web
866,45.919,29244,8080,8080,web
1500,1.37,11116,443,443,file
1500,1.128,25925,8080,8080,file
648,223.077,22892,8443,8443,web
131,13.821,47128,10002,10002,voip
1289,34.677,48293,8443,8443,video
1318,5.65,24493,443,443,file
492,291.335,15207,8080,8080,web
764,46.119,51601,8080,8080,web
1221,50.164,46944,8080,8080,video
1290,7.313,6548,989,989,file
1322,62.542,18319,8080,8080,video
1031,23.439,5043,5004,5004,video
1006,284.741,23463,8080,8080,web
1212,17.786,58820,1935,1935,video
181,12.968,56058,10002,10002,voip
563,804.45,14744,8080,8080,web
1500,0.667,2149,20,20,file
1213,2.641,25298,443,443,file
1252,21.857,52900,1935,1935,video
1247,1.762,42270,8080,8080,file
387,132.039,27992,8080,8080,web
942,18.037,13382,8554,8554,video
1500,1.75,16658,20,20,file
1267,3.634,63473,8080,8080,file
1339,7.268,8366,443,443,file
648,467.329,57254,8443,8443,web
241,24.259,38067,10002,10002,voip
401,432.347,15256,8080,8080,web
189,16.495,22581,10001,10001,voip
1314,48.17,45234,8080,8080,video
1185,4.301,18976,20,20,file
162,28.295,23199,5061,5061,voip
229,9.245,37922,8080,8080,voip
1011,3.494,14311,443,443,file
925,61.714,26759,5005,5005,video
1114,33.416,30303,5005,5005,video
1133,151.557,15891,8080,8080,web
870,28.055,28685,1935,1935,video
936,237.749,52856,8443,8443,web
638,105.178,58224,8080,8080,web
1418,6.154,47857,8080,8080,file
1053,29.686,34742,8080,8080,video
1500,6.224,15336,8443,8443,file
1131,30.632,12576,8554,8554,video
153,30.971,16386,10001,10001,voip
519,534.47,5191,443,443,web
1243,7.379,42804,443,443,file
1223,7.981,2765,21,21,file
1033,15.021,55744,8080,8080,video
711,563.58,8225,8080,8080,web
1500,17.439,24244,8080,8080,video
187,14.313,5305,10000,5305,voip
1113,9.22,38752,21,21,file
1140,21.675,13111,5005,5005,video
306,194.011,64072,443,443,web
122,36.783,25435,5060,5060,voip
1024,52.582,19611,5004,5004,video
140,14.244,41016,10000,10000,voip
545,358.993,37487,80,80,web
489,215.738,42975,8443,8443,web
1083,28.027,46999,8443,8443,video
1017,63.562,55580,5004,5004,video
1230,32.32,64131,5005,5005,video
60,23.213,57026,5061,5061,voip
1092,885.794,32462,8443,8443,web
1170,47.98,12445,443,443,video
964,26.744,10951,443,443,video
159,11.482,15994,5061,5061,voip
1217,10.384,22008,8080,8080,file
1055,30.344,57976,5005,5005,video
920,476.461,28144,8080,8080,web
274,51.145,62803,8080,8080,web
60,5.609,55120,5061,5061,voip
1110,32.46,4033,8080,4033,video
1251,4.949,61028,21,21,file
1190,10.261,3754,8080,3754,file
1400,25.62,30226,8443,8443,video
1286,5.881,35861,990,990,file
1187,1.411,33116,990,990,file
198,20.471,28237,443,443,voip
1354,1.988,22534,8081,8081,file
147,10.951,51576,10001,10001,voip
200,32.374,45700,10000,10000,voip
1421,3.897,8887,990,990,file
1479,6.161,25321,20,20,file
1304,28.249,58811,5005,5005,video
1066,15.956,5792,5005,5005,video
190,18.362,25389,5061,5061,voip
1500,4.239,49829,5004,5004,video
682,285.846,31463,8443,8443,web
1101,5.993,24882,8080,8080,file
1322,7.486,18018,8443,8443,file
177,576.367,25488,8443,8443,web
1328,3.995,48314,989,989,file
739,40.001,12021,8443,8443,web
1209,20.268,17686,5005,5005,video
161,19.775,60933,5060,5060,voip
349,332.853,39512,443,443,web
239,12.102,28666,5060,5060,voip
1500,45.986,53900,443,443,video
161,19.198,42342,10002,10002,voip
964,312.025,1539,8080,1539,web
151,13.206,4251,10001,4251,voip
684,575.429,13661,8080,8080,web
1036,21.162,19705,5005,5005,video
143,41.141,47495,443,443,voip
138,20.649,53628,10000,10000,voip
902,25.407,23861,8554,8554,video
1128,6.016,62137,443,443,file
894,192.854,33949,8080,8080,web
1103,4.901,34731,8080,8080,file
186,12.86,36429,10000,10000,voip
1500,2.073,3759,990,990,file
937,41.742,1587,8554,1587,video
418,304.042,19794,443,443,web
599,144.707,27708,8443,8443,web
1166,6.494,5442,8081,5442,file
1500,8.673,43291,21,21,file
182,297.931,20054,80,80,web
1090,3.475,21329,8080,8080,file
181,17.619,15788,10001,10001,voip
1381,7.577,17071,443,443,file
880,283.777,26402,8080,8080,web
927,5.729,16351,443,443,file
981,0.328,5033,8081,5033,file
214,16.409,49126,10001,10001,voip
1012,43.673,49592,1935,1935,video
418,437.983,41004,443,443,web
134,29.672,2459,10001,2459,voip
747,98.392,24507,8080,8080,web
172,25.11,58467,10002,10002,voip
329,482.622,53299,8443,8443,web
214,19.618,3867,10002,3867,voip
157,17.32,34696,10002,10002,voip
269,16.057,54207,5061,5061,voip
174,20.988,15902,8080,8080,voip
142,13.151,19935,10000,10000,voip
146,25.057,10185,5061,5061,voip
1279,2.36,42898,20,20,file
209,8.506,13243,5061,5061,voip
566,128.684,13371,8080,8080,web
1282,15.912,46015,8554,8554,video
405,325.171,4618,443,443,web
174,8.82,48177,8443,8443,voip
1336,40.055,26903,8554,8554,video
256,606.583,31581,8080,8080,web
963,20.918,61190,1935,1935,video
968,173.929,30869,443,443,web
1241,46.231,52244,5005,5005,video
1500,4.854,6773,990,990,file
184,14.471,29246,5060,5060,voip
509,744.879,24361,443,443,web
1129,41.676,54576,8443,8443,video
174,27.615,26744,10001,10001,voip
204,20.16,30066,443,443,voip
931,102.514,26548,443,443,web
1440,5.123,14385,21,21,file
168,15.091,33070,10001,10001,voip
1227,5.04,35321,20,20,file
1041,26.616,60222,5005,5005,video
1500,5.293,44582,21,21,file
1364,7.737,62876,8081,8081,file
739,402.125,49240,8443,8443,web
193,14.597,39173,10002,10002,voip
1132,38.013,8506,5004,5004,video
1044,32.189,2692,8080,2692,video
1392,34.555,4658,5005,4658,video
693,160.61,58049,80,80,web
1288,7.269,20809,8081,8081,file
1343,63.233,53644,1935,1935,video
1150,30.909,1165,8554,1165,video
1390,60.244,19364,1935,1935,video
1170,90.764,3394,443,443,video
1500,26.248,10092,8443,8443,video
164,24.848,25610,8080,8080,voip
1500,1.546,27018,8443,8443,file
1013,3.754,19673,20,20,file
1500,15.579,53212,8080,8080,file
1333,19.448,49964,5005,5005,video
1188,7.213,32225,8443,8443,file
129,16.633,61384,10000,10000,voip
831,279.49,63730,80,80,web
1253,45.124,7611,8554,7611,video
133,8.701,11348,10001,10001,voip
363,118.165,36123,8443,8443,web
1110,29.657,28715,8443,8443,video
876,244.991,62805,8443,8443,web
808,19.455,9228,1935,1935,video
1004,80.799,39754,443,443,web
921,15.307,39050,1935,1935,video
1297,7.376,47826,989,989,file
1009,119.989,20936,8080,8080,web
1292,19.146,9581,5005,5005,video
60,20.108,10650,8080,8080,voip
1375,37.851,53870,5004,5004,video
806,60.419,43567,8080,8080,web
1170,26.777,3037,5004,3037,video
405,550.057,2877,443,443,web
913,281.079,52131,8443,8443,web
1201,14.058,23639,8443,8443,video
1149,93.242,27554,8443,8443,web
1500,3.951,26287,8443,8443,file
1432,31.344,64977,1935,1935,video
215,9.142,16457,8443,8443,voip
222,12.743,26144,5060,5060,voip
1238,69.57,3458,8554,3458,video
1500,10.65,45946,20,20,file
238,39.116,52461,8080,8080,voip
1087,1.017,35696,990,990,file
302,231.252,9556,8080,8080,web
191,15.306,54222,8080,8080,voip
191,25.514,59729,10001,10001,voip
1137,43.689,20679,443,443,video
151,361.592,35308,8443,8443,web
527,206.291,25543,80,80,web
1436,1.807,31006,21,21,file
784,48.374,27656,8080,8080,web
1280,4.537,56169,21,21,file
999,27.057,3349,1935,1935,video
141,22.95,42041,443,443,voip
1163,2.381,24950,443,443,file
214,27.624,22247,8443,8443,voip
1458,38.732,45846,1935,1935,video
1454,6.795,60838,989,989,file
234,16.393,37922,10001,10001,voip
147,18.012,55814,5061,5061,voip
1500,20.052,36149,8443,8443,video
1154,6.931,45547,20,20,file
1492,7.328,25222,990,990,file
1333,4.558,20138,8080,8080,file
1291,18.729,1455,443,443,video
319,23.404,46469,443,443,voip
323,118.774,47595,80,80,web
1265,0.836,44706,989,989,file
350,292.741,53687,443,443,web
163,11.992,19997,8080,8080,voip
1035,33.218,63788,1935,1935,video
153,12.936,1348,10000,1348,voip
771,155.829,25501,8443,8443,web
1500,15.1,37908,8443,8443,video
1133,13.2,7962,1935,1935,video
60,33.417,14932,5061,5061,voip
1500,5.768,46829,989,989,file
1176,22.18,43228,1935,1935,video
1292,3.767,27818,443,443,file
1207,24.157,6774,1935,1935,video
1235,25.058,30049,443,443,video
159,15.913,16820,10001,10001,voip
416,212.06,5500,8080,5500,web
241,23.845,7739,10002,7739,voip
277,632.094,7222,8443,7222,web
607,102.175,44386,8080,8080,web
1097,28.5,59674,443,443,video
230,7.487,6234,8080,6234,voip
1195,2.505,28891,8080,8080,file
1256,85.882,51107,8554,8554,video
205,7.23,40174,10001,10001,voip
1275,8.259,48482,8443,8443,file
545,413.94,5506,8080,5506,web
208,610.33,54837,8080,8080,web
842,9.406,22588,8080,8080,file
1206,21.982,15343,8080,8080,video
1131,44.444,20570,8080,8080,video
186,19.751,42043,8443,8443,voip
170,68.821,54964,5060,5060,voip
1385,17.198,25883,5004,5004,video
226,27.753,42102,10001,10001,voip
448,208.766,19675,8443,8443,web
859,24.19,46213,8443,8443,video
1315,20.451,61273,8554,8554,video
641,648.226,22439,443,443,web
1118,5.937,21613,21,21,file
1456,2.172,3798,8443,3798,file
668,600.85,17513,8080,8080,web
1299,51.313,51752,8443,8443,video
1500,5.322,29332,989,989,file
1292,12.466,30581,990,990,file
1288,3.154,21236,989,989,file
1308,33.339,64358,443,443,video
1075,2.691,3182,8080,3182,file
1008,28.875,22195,443,443,video
1220,3.715,45776,8081,8081,file
1345,2.518,19343,21,21,file
1198,8.09,62865,21,21,file
828,14.964,17126,20,20,file
1500,3.436,29785,443,443,file
1363,2.524,20870,989,989,file
430,290.673,6033,8443,6033,web
193,17.477,38062,443,443,voip
1240,5.237,46432,443,443,file
140,24.018,9614,443,443,voip
134,1000.0,56802,80,80,web
195,20.137,43592,443,443,voip
348,202.506,23039,80,80,web
1227,68.133,37475,5004,5004,video
187,23.292,29144,8443,8443,voip
1500,5.908,31723,443,443,file
430,13.225,15928,10000,10000,voip
514,205.217,40181,443,443,web
837,584.472,16398,80,80,web
1208,63.394,49662,5005,5005,video
1478,25.863,56991,5005,5005,video
1353,20.911,24715,5004,5004,video
1252,10.475,36375,8443,8443,file
208,18.662,8015,5060,5060,voip
1450,35.349,1785,5004,1785,video
627,191.583,59444,8080,8080,web
189,94.165,23852,8080,8080,web
1348,34.069,52183,8080,8080,video
1218,14.581,51394,443,443,video
1310,1.234,14658,990,990,file
749,415.546,51486,8080,8080,web
949,23.762,45230,5004,5004,video
134,8.999,50420,8443,8443,voip
925,27.583,60250,8554,8554,video
165,14.871,55636,5060,5060,voip
324,178.668,15509,8080,8080,web
1322,20.398,53781,8080,8080,video
1267,46.28,47255,8554,8554,video
1179,24.864,47248,1935,1935,video
1327,13.219,4425,21,21,file
1500,4.557,13460,8081,8081,file
1051,46.864,24402,443,443,video
1060,81.835,40020,8443,8443,web
1096,24.347,51192,5004,5004,video
173,14.918,22426,8080,8080,voip
60,51.37,33155,10002,10002,voip
789,176.857,49154,8443,8443,web
1426,4.409,1525,8443,1525,file
799,73.928,52471,80,80,web
958,37.328,11154,5004,5004,video
162,13.35,14454,5061,5061,voip
1022,16.994,17986,443,443,video
1066,21.713,14090,443,443,video
151,31.845,30404,10000,10000,voip
1500,13.789,23789,8554,8554,video
1119,40.954,34631,8554,8554,video
1500,28.774,4492,8443,4492,video
182,29.925,57710,10001,10001,voip
965,4.393,33124,21,21,file
1104,27.151,54281,5005,5005,video
1312,4.769,56562,8443,8443,file
1319,8.461,61532,990,990,file
1030,77.626,35760,5005,5005,video
412,37.287,58203,8443,8443,voip
189,21.047,7720,10001,7720,voip
1010,298.928,35519,80,80,web
1319,31.184,48908,8443,8443,video
1161,4.496,52111,8080,8080,file
1185,5.915,27125,443,443,file
177,18.798,2698,8080,2698,voip
956,26.305,60364,8554,8554,video
1097,391.727,54718,8443,8443,web
1358,17.296,54212,5005,5005,video
413,362.318,28267,8080,8080,web
185,11.77,42614,10001,10001,voip
1276,1.136,40690,8081,8081,file
1351,2.273,29857,20,20,file
152,11.348,30964,5061,5061,voip
1069,855.958,28396,8080,8080,web
162,14.843,7712,443,443,voip
869,22.789,33084,8080,8080,video
1301,16.358,38604,5004,5004,video
1400,2.958,55812,20,20,file
938,328.691,57976,8443,8443,web
156,19.108,36710,10001,10001,voip
1013,354.649,26332,8080,8080,web
671,65.882,29161,8443,8443,web
1300,33.994,6991,8443,6991,video
60,11.406,38845,8443,8443,voip
189,10.992,36939,5061,5061,voip
201,27.646,40713,8080,8080,voip
143,17.403,16048,5060,5060,voip
881,74.355,52704,8080,8080,web
453,114.991,26245,8080,8080,web
209,44.648,18648,8443,8443,voip
1307,2.876,61326,989,989,file
229,23.085,55676,5060,5060,voip
1123,4.491,3043,8081,3043,file
1426,4.908,54292,8081,8081,file
175,7.706,50470,443,443,voip
1073,14.398,49167,8443,8443,file
1059,4.124,60348,8080,8080,file
228,1000.0,17080,8080,8080,web
1238,40.555,25555,8554,8554,video
1500,2.477,18081,990,990,file
330,23.663,57694,10000,10000,voip
1500,1.309,18480,8443,8443,file
1340,1.978,6489,8443,6489,file
640,296.899,63008,8443,8443,web
407,16.216,29046,5061,5061,voip
60,31.928,31401,10001,10001,voip
728,165.539,5606,8443,5606,web
1213,7.97,7399,443,443,file
127,25.704,45811,443,443,voip
350,399.959,52981,8443,8443,web
491,62.662,64570,443,443,web
920,343.674,61552,443,443,web
376,101.694,39506,443,443,web
993,69.415,59383,80,80,web
204,15.511,52633,10001,10001,voip
1129,15.074,45502,8554,8554,video
310,81.855,36771,8080,8080,web
1392,6.757,28768,8081,8081,file
226,27.09,46381,10002,10002,voip
1223,50.128,41604,8080,8080,video
146,26.824,49327,5061,5061,voip
131,31.957,3688,443,443,voip
166,21.583,19491,8443,8443,voip
1446,3.753,32935,443,443,file
1104,16.706,53509,8080,8080,video
276,158.931,57927,8443,8443,web
1240,44.09,43925,5004,5004,video
60,64.321,18355,5061,5061,voip
803,197.293,47577,443,443,web
1283,6.821,60731,8080,8080,file
216,186.232,55257,8443,8443,web
862,38.708,16700,5004,5004,video
1152,57.662,4695,5004,4695,video
695,141.748,39549,8443,8443,web
160,12.778,29687,5060,5060,voip
247,333.353,13687,443,443,web
1046,2.906,9738,990,990,file
251,131.279,57849,80,80,web
738,57.947,45943,443,443,web
571,67.107,30051,5005,5005,video
924,32.35,2438,8554,2438,video
943,179.246,26423,8443,8443,web
1202,3.062,30673,20,20,file
1302,15.053,56139,5005,5005,video
1500,3.833,13343,20,20,file
189,14.48,20553,10002,10002,voip
676,706.612,32224,8080,8080,web
1146,50.462,60538,1935,1935,video
388,258.035,44399,8080,8080,web
1472,38.746,45659,8080,8080,video
1210,41.007,8821,443,443,video
934,1000.0,48373,443,443,web
1154,32.035,14112,5005,5005,video
155,21.256,50990,5060,5060,voip
1182,2.233,11556,21,21,file
1008,126.753,51529,8443,8443,web
274,237.965,14017,80,80,web
453,85.985,19781,443,443,web
1229,11.71,57823,8443,8443,file
64,70.619,18156,443,443,voip
